9	11	/workspaces/studio/src/components/chat/CustomerChatBot.tsx
9	4	/workspaces/studio/src/app/(app)/marketing/social-presence/page.tsx
9	0	/workspaces/studio/src/app/api/intelligence/competitive/route.ts
8	1	/workspaces/studio/src/app/(app)/finance/revenue/page.tsx
8	0	/workspaces/studio/src/app/api/neuroseo/ai-visibility/route.ts
7	2	/workspaces/studio/scripts/brain/planning/planner.ts
7	2	/workspaces/studio/src/app/(app)/billing/page.tsx
7	0	/workspaces/studio/src/app/(app)/competitors/page.tsx
6	4	/workspaces/studio/src/app/(app)/marketing/email-campaigns/page.tsx
6	4	/workspaces/studio/src/app/(app)/sales/page.tsx
6	2	/workspaces/studio/src/app/(app)/insights/page.tsx
6	0	/workspaces/studio/scripts/execute-phases-2-4.js
6	0	/workspaces/studio/src/app/(app)/profile/page.tsx
5	4	/workspaces/studio/src/app/(app)/finance/page.tsx
5	3	/workspaces/studio/src/app/(app)/marketing/lead-generation/page.tsx
5	3	/workspaces/studio/src/app/(app)/sales/outreach/page.tsx
5	3	/workspaces/studio/src/app/(app)/sales/pipeline/page.tsx
5	1	/workspaces/studio/src/app/(app)/keyword-tool/page.tsx
5	1	/workspaces/studio/src/app/(app)/marketing/content-generation/page.tsx
5	0	/workspaces/studio/scripts/devnext-part2-step8-code-quality-assessment.js
5	0	/workspaces/studio/scripts/eslint-snapshot.js
5	0	/workspaces/studio/src/app/(app)/content-briefs/page.tsx
5	0	/workspaces/studio/src/app/(app)/serp-view/page.tsx
5	0	/workspaces/studio/src/app/api/chat/admin/stream/route.ts
5	0	/workspaces/studio/src/app/api/neuroseo/live/route.ts
5	0	/workspaces/studio/src/app/api/neuroseo/stream/route.ts
5	0	/workspaces/studio/src/app/api/seo-audit/run/route.ts
5	0	/workspaces/studio/src/components/chat/markdown-render.ts
4	6	/workspaces/studio/src/app/(app)/team/projects/page.tsx
4	2	/workspaces/studio/src/app/(app)/neuroseo/adoption/page.tsx
4	1	/workspaces/studio/src/app/(app)/marketing/page.tsx
4	1	/workspaces/studio/src/components/admin/admin-analytics.tsx
4	0	/workspaces/studio/scripts/fix-typescript-epipe-v2.js
4	0	/workspaces/studio/scripts/fix-typescript-epipe-v3.js
4	0	/workspaces/studio/scripts/pilotbuddy-aggregator.js
4	0	/workspaces/studio/src/app/api/automation/run-now/route.ts
4	0	/workspaces/studio/src/app/api/chat/admin/route.ts
4	0	/workspaces/studio/src/app/api/mcp/route.ts
3	7	/workspaces/studio/src/app/(app)/team/reports/page.tsx
3	1	/workspaces/studio/src/app/api/chat/customer/route.ts
3	0	/workspaces/studio/scripts/execute-agents.js
3	0	/workspaces/studio/scripts/fix-typescript-epipe.js
3	0	/workspaces/studio/scripts/fix-vendor-chunks.js
3	0	/workspaces/studio/src/app/(app)/content-analyzer/page.tsx
3	0	/workspaces/studio/src/app/(app)/seo-audit/page.tsx
2	12	/workspaces/studio/scripts/delegation/watch-loop.ts
2	4	/workspaces/studio/src/app/(app)/admin/observability/page.tsx
2	2	/workspaces/studio/src/components/admin/admin-user-management.tsx
2	1	/workspaces/studio/src/app/(app)/neuroseo/trust-block/page.tsx
2	1	/workspaces/studio/src/app/(app)/sales/deals/page.tsx
2	1	/workspaces/studio/src/app/(app)/tutorials/page.tsx
2	0	/workspaces/studio/next.config.firebase.ts
2	0	/workspaces/studio/public/sw.js
2	0	/workspaces/studio/scripts/run-role-based-tests.js
2	0	/workspaces/studio/scripts/seed-enhanced-test-users.ts
2	0	/workspaces/studio/src/app/(app)/finance/accounting/page.tsx
2	0	/workspaces/studio/src/app/api/chat/customer/stream/route.ts
2	0	/workspaces/studio/src/app/api/neuroseo/route.ts
2	0	/workspaces/studio/src/app/layout.tsx
1	16	/workspaces/studio/scripts/brain/watch-loop.ts
1	16	/workspaces/studio/scripts/scan-neuroseo-large-docs.ts
1	10	/workspaces/studio/src/app/(app)/team/chat/page.tsx
1	5	/workspaces/studio/src/app/(app)/neuroseo/neural-crawler/page.tsx
1	3	/workspaces/studio/scripts/brain/execution/runBatch.ts
1	3	/workspaces/studio/scripts/delegation/codex-concurrent-loop.ts
1	3	/workspaces/studio/src/app/(app)/neuroseo/semantic-map/page.tsx
1	3	/workspaces/studio/src/app/(app)/team/settings/page.tsx
1	2	/workspaces/studio/src/app/(app)/integrations/page.tsx
1	1	/workspaces/studio/scripts/delegation/aider-concurrent-loop.ts
1	1	/workspaces/studio/scripts/delegation/queue-utils.ts
1	1	/workspaces/studio/scripts/test-provenance.ts
1	1	/workspaces/studio/src/app/(app)/automation/recipes/page.tsx
1	1	/workspaces/studio/src/app/(app)/sales/_parts/add-deal-modal.tsx
1	1	/workspaces/studio/src/components/admin/admin-analytics-dashboard.tsx
1	1	/workspaces/studio/src/components/command-palette.tsx
1	0	/workspaces/studio/.codex/scripts/profile-router.ts
1	0	/workspaces/studio/.codex/scripts/token-ledger-weekly.ts
1	0	/workspaces/studio/scripts/codemods/prune-unused-vars.js
1	0	/workspaces/studio/scripts/complete-database-reset.ts
1	0	/workspaces/studio/scripts/consolidate-all-docs.js
1	0	/workspaces/studio/scripts/convert-favicons-to-png.js
1	0	/workspaces/studio/scripts/generate-lint-heatmap.js
1	0	/workspaces/studio/scripts/migrate-via-nextjs.js
1	0	/workspaces/studio/scripts/optimize-project.ts
1	0	/workspaces/studio/scripts/pilotScripts/automation/auto-markdown-lint-v1.js
1	0	/workspaces/studio/scripts/purge-snapshots.js
1	0	/workspaces/studio/scripts/rotate-credentials.ts
1	0	/workspaces/studio/scripts/setup-firebase-secrets.ts
1	0	/workspaces/studio/scripts/test-neural-crawler-aggregate.ts
1	0	/workspaces/studio/scripts/test-obs-metrics.ts
1	0	/workspaces/studio/scripts/verify-dummy-data.ts
1	0	/workspaces/studio/src/app/(app)/content-analyzer/page-fixed.tsx
1	0	/workspaces/studio/src/app/(app)/content-brief/page.tsx
1	0	/workspaces/studio/src/app/(public)/page.tsx
1	0	/workspaces/studio/src/app/(public)/pricing/page.tsx
1	0	/workspaces/studio/src/app/api/billing/invoices/route.ts
1	0	/workspaces/studio/src/app/api/cleanup-users/route.ts
1	0	/workspaces/studio/src/app/api/dev/seed-kpi-daily/route.ts
1	0	/workspaces/studio/src/app/api/diagnostics/firestore-permissions/route.ts
1	0	/workspaces/studio/src/app/api/insights/stream/route.ts
1	0	/workspaces/studio/src/app/api/seo-audit/firecrawl/route.ts
1	0	/workspaces/studio/src/app/api/table-data/route.ts
1	0	/workspaces/studio/src/app/api/visualizations/route.ts
1	0	/workspaces/studio/src/components/ai/ai-lazy-wrapper.tsx
0	44	/workspaces/studio/functions/test/ai-provider-adapter.test.ts
0	42	/workspaces/studio/functions/src/scheduled/kpi-daily-snapshot.ts
0	28	/workspaces/studio/functions/src/api/audit.ts
0	26	/workspaces/studio/scripts/delegation/process-delegation-queue.ts
0	24	/workspaces/studio/scripts/test-security-negative-rules.ts
0	22	/workspaces/studio/functions/test/ai-memory-manager.schema-latency.test.ts
0	16	/workspaces/studio/functions/src/test/scheduler.test.ts
0	12	/workspaces/studio/functions/test/audit-stress.test.ts
0	12	/workspaces/studio/scripts/brain/cli.ts
0	9	/workspaces/studio/functions/test/event-mirror.test.ts
0	9	/workspaces/studio/scripts/brain/state/logWriter.ts
0	8	/workspaces/studio/functions/test/audit-crawler.test.ts
0	7	/workspaces/studio/scripts/backfill-semantic-map-aggregate.ts
0	7	/workspaces/studio/scripts/snapshot-neuroseo-size.ts
0	6	/workspaces/studio/functions/test/audit-team-quota.test.ts
0	6	/workspaces/studio/scripts/audit-provenance-coverage.ts
0	6	/workspaces/studio/src/app/(app)/team/page.tsx
0	5	/workspaces/studio/functions/src/utils/logger.ts
0	5	/workspaces/studio/scripts/lib/http-test-client.ts
0	5	/workspaces/studio/scripts/orchestration/brain-orchestrator.ts
0	5	/workspaces/studio/scripts/prune-neuroseo-legacy-docs.ts
0	5	/workspaces/studio/scripts/test-team-rules.ts
0	5	/workspaces/studio/scripts/verify-neural-crawler-aggregate.ts
0	4	/workspaces/studio/functions/src/api/production-keyword-suggestions.ts
0	4	/workspaces/studio/functions/src/utils/error-tracking.ts
0	4	/workspaces/studio/functions/test/ai-memory-manager.test.ts
0	4	/workspaces/studio/functions/test/kpi-daily-snapshot.test.ts
0	4	/workspaces/studio/scripts/backfill-neural-crawler-aggregate.ts
0	4	/workspaces/studio/scripts/brain/config.ts
0	4	/workspaces/studio/scripts/brain/execution/toolRegistry.ts
0	4	/workspaces/studio/scripts/brain/governance/splitter.ts
0	4	/workspaces/studio/scripts/brain/validation/validators.ts
0	4	/workspaces/studio/scripts/diagnose-openai-quota.ts
0	4	/workspaces/studio/scripts/report-neuroseo-size-reduction.ts
0	4	/workspaces/studio/scripts/seed-historical-data.ts
0	4	/workspaces/studio/scripts/seed-semantic-map-legacy.ts
0	4	/workspaces/studio/scripts/test-marketing-guard.ts
0	4	/workspaces/studio/src/app/(app)/settings/branding/page.tsx
0	3	/workspaces/studio/functions/src/user-data.ts
0	3	/workspaces/studio/functions/test/ai-gemini-usage.test.ts
0	3	/workspaces/studio/functions/test/audit-contract.test.ts
0	3	/workspaces/studio/scripts/delegation/autorun-two-agent-cycle.ts
0	3	/workspaces/studio/scripts/migrate-neuroseo-analyses.ts
0	3	/workspaces/studio/scripts/stripe/upsert-invoice-util.ts
0	3	/workspaces/studio/scripts/test-billing-ui.ts
0	3	/workspaces/studio/scripts/test-logger.ts
0	3	/workspaces/studio/scripts/test-neuro-stream.ts
0	3	/workspaces/studio/scripts/test-neuroseo-rate-limit.ts
0	3	/workspaces/studio/scripts/test-observability-kpis.ts
0	3	/workspaces/studio/scripts/test-table-data-contract.ts
0	3	/workspaces/studio/scripts/test-table-data-edge-cases.ts
0	3	/workspaces/studio/src/app/(app)/settings/page.tsx
0	3	/workspaces/studio/src/components/admin/subscription-management.tsx
0	2	/workspaces/studio/functions/src/scheduled/cleanup-invites.ts
0	2	/workspaces/studio/functions/test/ai-daily-usage-endpoint.test.ts
0	2	/workspaces/studio/functions/test/ai-token-persistence.test.ts
0	2	/workspaces/studio/functions/test/audit-crawl-schema.test.ts
0	2	/workspaces/studio/functions/test/invoice-upsert.test.ts
0	2	/workspaces/studio/functions/test/invoice-webhook-order.test.ts
0	2	/workspaces/studio/functions/test/scheduler.emulator.test.ts
0	2	/workspaces/studio/scripts/admin-user-management.ts
0	2	/workspaces/studio/scripts/analyze-user-roles-tiers.ts
0	2	/workspaces/studio/scripts/backfill-site-embeddings.ts
0	2	/workspaces/studio/scripts/backfill-team-members-subcollection.ts
0	2	/workspaces/studio/scripts/brain/watch-two-agent-lint.ts
0	2	/workspaces/studio/scripts/cleanup-invites.ts
0	2	/workspaces/studio/scripts/delegation/hose-or-purge-queue.ts
0	2	/workspaces/studio/scripts/delegation/triggered-runner.ts
0	2	/workspaces/studio/scripts/enumerate-ai-endpoints.ts
0	2	/workspaces/studio/scripts/monitor-neuroseo-adoption.ts
0	2	/workspaces/studio/scripts/scan-forbidden-fields.ts
0	2	/workspaces/studio/scripts/seed-dashboard-table-rows.ts
0	2	/workspaces/studio/scripts/test-entitlements-access.ts
0	2	/workspaces/studio/scripts/test-team-ownership-and-roles.ts
0	2	/workspaces/studio/src/app/(app)/neuroseo/ai-visibility/page.tsx
0	2	/workspaces/studio/src/app/(app)/neuroseo/rewrite-gen/page.tsx
0	2	/workspaces/studio/src/app/(auth)/login/page.tsx
0	2	/workspaces/studio/src/components/admin/AdminUserSubscriptionManager.tsx
0	2	/workspaces/studio/src/components/competitor-analysis-form.tsx
0	1	/workspaces/studio/functions/src/stripe.ts
0	1	/workspaces/studio/functions/src/test/ai-memory-manager.test.ts
0	1	/workspaces/studio/functions/src/test/kpi-daily-ma7-contract.test.ts
0	1	/workspaces/studio/functions/src/test/kpi-daily-snapshot.test.ts
0	1	/workspaces/studio/functions/test/health-daily-ai-kpis.test.ts
0	1	/workspaces/studio/functions/test/kpi-daily-ma7-contract.test.ts
0	1	/workspaces/studio/scripts/audit-nav-feature-gates.ts
0	1	/workspaces/studio/scripts/backfill-chat-action-progress.ts
0	1	/workspaces/studio/scripts/brain/core/classification.ts
0	1	/workspaces/studio/scripts/brain/core/contextSampler.ts
0	1	/workspaces/studio/scripts/brain/mission/missionManager.ts
0	1	/workspaces/studio/scripts/brain/planning/stepSchema.ts
0	1	/workspaces/studio/scripts/brain/plugins/index.ts
0	1	/workspaces/studio/scripts/concat-docs-md.ts
0	1	/workspaces/studio/scripts/delegation/auto-enqueue-from-checklist.ts
0	1	/workspaces/studio/scripts/generate-tsc-diagnostics.ts
0	1	/workspaces/studio/scripts/get-all-users.ts
0	1	/workspaces/studio/scripts/index-comparison-audit.ts
0	1	/workspaces/studio/scripts/ingest-site-content.ts
0	1	/workspaces/studio/scripts/mark-users-test.ts
0	1	/workspaces/studio/scripts/prune-if-ready.ts
0	1	/workspaces/studio/scripts/report-feature-alias-usage.ts
0	1	/workspaces/studio/scripts/test-backfill-dry-run.ts
0	1	/workspaces/studio/scripts/test-feature-keys.ts
0	1	/workspaces/studio/scripts/test-forbidden-field-guard.ts
0	1	/workspaces/studio/scripts/test-metrics-registry.ts
0	1	/workspaces/studio/scripts/test-neuro-persist-size.ts
0	1	/workspaces/studio/scripts/test-provenance-negative.ts
0	1	/workspaces/studio/scripts/test-team-access.ts
0	1	/workspaces/studio/scripts/validate-aider-log.ts
0	1	/workspaces/studio/scripts/validate-csp-config.ts
0	1	/workspaces/studio/src/app/(app)/finance/billing/page.tsx
0	1	/workspaces/studio/src/app/(app)/payment-success/page.tsx
0	1	/workspaces/studio/src/app/(app)/sales/_parts/new-sequence-modal.tsx
0	1	/workspaces/studio/src/app/(auth)/register/page.tsx
0	1	/workspaces/studio/src/app/(public)/contact/page.tsx
0	1	/workspaces/studio/src/app/api/streaming/real-time/route.ts
0	1	/workspaces/studio/src/app/logout/page.tsx
0	1	/workspaces/studio/src/components/admin/admin-tier-migration.tsx
0	1	/workspaces/studio/src/components/chat/AdminChatBot.tsx
0	1	/workspaces/studio/src/components/content-analyzer-form.tsx
0	1	/workspaces/studio/src/components/content-brief-form.tsx
0	0	/workspaces/studio/.codex/scripts/capture-lint-text.mjs
0	0	/workspaces/studio/.codex/scripts/eslint-cluster-plan.mjs
0	0	/workspaces/studio/.codex/scripts/eslint-cluster-plan.ts
0	0	/workspaces/studio/.codex/scripts/generate-eslint-report.mjs
0	0	/workspaces/studio/.codex/scripts/token-ledger.ts
0	0	/workspaces/studio/.eslintrc.forbidden-colors.js
0	0	/workspaces/studio/.eslintrc.metrics.cjs
0	0	/workspaces/studio/cache-handler.js
0	0	/workspaces/studio/comprehensive-typescript-guardian.mjs
0	0	/workspaces/studio/enhanced-typescript-guardian.mjs
0	0	/workspaces/studio/eslint.config.emergency.mjs
0	0	/workspaces/studio/eslint.config.mjs
0	0	/workspaces/studio/eslint.flat.mjs
0	0	/workspaces/studio/final-typescript-guardian.mjs
0	0	/workspaces/studio/functions/check-test-users.js
0	0	/workspaces/studio/functions/database-analysis.js
0	0	/workspaces/studio/functions/eslint.config.js
0	0	/workspaces/studio/functions/src/ai/genkit.ts
0	0	/workspaces/studio/functions/src/api/analyze-content.ts
0	0	/workspaces/studio/functions/src/api/enhanced-keyword-suggestions.ts
0	0	/workspaces/studio/functions/src/api/performance-dashboard-functions.ts
0	0	/workspaces/studio/functions/src/chatbot.ts
0	0	/workspaces/studio/functions/src/context.ts
0	0	/workspaces/studio/functions/src/email.ts
0	0	/workspaces/studio/functions/src/events/onEventWrite.ts
0	0	/workspaces/studio/functions/src/index.ts
0	0	/workspaces/studio/functions/src/lib/ai-memory-manager.ts
0	0	/workspaces/studio/functions/src/lib/ai-response-cache.ts
0	0	/workspaces/studio/functions/src/lib/billing/invoice-upsert.ts
0	0	/workspaces/studio/functions/src/lib/event-mirror.ts
0	0	/workspaces/studio/functions/src/lib/metrics-collector.ts
0	0	/workspaces/studio/functions/src/lib/structured-logger.ts
0	0	/workspaces/studio/functions/src/middleware/rate-limit.ts
0	0	/workspaces/studio/functions/src/middleware/security-middleware.ts
0	0	/workspaces/studio/functions/src/middleware/validate-auth.ts
0	0	/workspaces/studio/functions/src/middleware/validate-input.ts
0	0	/workspaces/studio/functions/src/scheduled/run-due-automation.ts
0	0	/workspaces/studio/functions/src/scripts/backfill-stripe-invoices.ts
0	0	/workspaces/studio/functions/src/stripe-webhook.ts
0	0	/workspaces/studio/functions/src/test-minimal.ts
0	0	/workspaces/studio/functions/src/test/ai-token-persistence.test.ts
0	0	/workspaces/studio/functions/src/test/basic-test-suite.test.ts
0	0	/workspaces/studio/functions/test-dashboard-data.js
0	0	/workspaces/studio/functions/test-missing-indexes.js
0	0	/workspaces/studio/lighthouse.config.js
0	0	/workspaces/studio/middleware.ts
0	0	/workspaces/studio/next-env.d.ts
0	0	/workspaces/studio/next.config.ts
0	0	/workspaces/studio/playwright.config.base.mjs
0	0	/workspaces/studio/playwright.config.dev.ts
0	0	/workspaces/studio/playwright.config.testing.ts
0	0	/workspaces/studio/playwright.config.ts
0	0	/workspaces/studio/postcss.config.mjs
0	0	/workspaces/studio/scripts/admin-user-console-fix.js
0	0	/workspaces/studio/scripts/agents/multi-agent-demo.ts
0	0	/workspaces/studio/scripts/agents/smoke-agent.ts
0	0	/workspaces/studio/scripts/api-route-guardian.js
0	0	/workspaces/studio/scripts/audit-console-usage.ts
0	0	/workspaces/studio/scripts/audit-feature-keys.ts
0	0	/workspaces/studio/scripts/audit-route-duplicates.ts
0	0	/workspaces/studio/scripts/brain/compact-memory.ts
0	0	/workspaces/studio/scripts/brain/core/taskParsing.ts
0	0	/workspaces/studio/scripts/brain/core/taskSources.ts
0	0	/workspaces/studio/scripts/brain/diagnostics/collect.ts
0	0	/workspaces/studio/scripts/brain/env.ts
0	0	/workspaces/studio/scripts/brain/governance/guards.ts
0	0	/workspaces/studio/scripts/brain/index.ts
0	0	/workspaces/studio/scripts/brain/mission/prioritizer.ts
0	0	/workspaces/studio/scripts/brain/plugins/example.plugin.ts
0	0	/workspaces/studio/scripts/brain/state/memory.ts
0	0	/workspaces/studio/scripts/brain/thinking/brainThinking.ts
0	0	/workspaces/studio/scripts/brain/triage-util.js
0	0	/workspaces/studio/scripts/brain/triage/validation.ts
0	0	/workspaces/studio/scripts/brain/two-agent-plan-loop.ts
0	0	/workspaces/studio/scripts/build-skip-typecheck.js
0	0	/workspaces/studio/scripts/check-auth-users.ts
0	0	/workspaces/studio/scripts/check-cycles.mjs
0	0	/workspaces/studio/scripts/check-firestore-users.js
0	0	/workspaces/studio/scripts/check-links.ts
0	0	/workspaces/studio/scripts/check-security-headers.ts
0	0	/workspaces/studio/scripts/check-status-colors.js
0	0	/workspaces/studio/scripts/check-users.js
0	0	/workspaces/studio/scripts/cleanup-neuro-analyses.ts
0	0	/workspaces/studio/scripts/codemods/normalize-any-ast.js
0	0	/workspaces/studio/scripts/codemods/normalize-simple-any.js
0	0	/workspaces/studio/scripts/codemods/prune-unused-params.js
0	0	/workspaces/studio/scripts/codemods/prune-unused-vars-deep.js
0	0	/workspaces/studio/scripts/codemods/remove-self-reexport-stubs.mjs
0	0	/workspaces/studio/scripts/codemods/require-to-import.js
0	0	/workspaces/studio/scripts/comprehensive-database-schema.ts
0	0	/workspaces/studio/scripts/consolidate-docs.js
0	0	/workspaces/studio/scripts/create-auth-users.ts
0	0	/workspaces/studio/scripts/create-migration-api.js
0	0	/workspaces/studio/scripts/create-stripe-products.js
0	0	/workspaces/studio/scripts/create-test-users.ts
0	0	/workspaces/studio/scripts/create-unified-test-users.ts
0	0	/workspaces/studio/scripts/delegation/enqueue-delegation-task.ts
0	0	/workspaces/studio/scripts/delegation/queue-utils.js
0	0	/workspaces/studio/scripts/devnext-code-quality-implementation-plan.js
0	0	/workspaces/studio/scripts/devnext-part3-step1-ai-performance-optimization.js
0	0	/workspaces/studio/scripts/enhanced-nav-migration.js
0	0	/workspaces/studio/scripts/enhanced-nav-migration.mjs
0	0	/workspaces/studio/scripts/ensure-single-dev.js
0	0	/workspaces/studio/scripts/eslint-metrics.config.cjs
0	0	/workspaces/studio/scripts/eslint-metrics.flat.mjs
0	0	/workspaces/studio/scripts/eslint-next-no-patch.cjs
0	0	/workspaces/studio/scripts/eslint-next-no-patch.js
0	0	/workspaces/studio/scripts/eslint-rules/no-raw-hex-colors.js
0	0	/workspaces/studio/scripts/eslint-rules/no-self-reexport.js
0	0	/workspaces/studio/scripts/firebase-deploy-clean.js
0	0	/workspaces/studio/scripts/firebase-hosting-deploy.js
0	0	/workspaces/studio/scripts/firestore-debug-team-seed.js
0	0	/workspaces/studio/scripts/fix-activity-schema-conflicts.ts
0	0	/workspaces/studio/scripts/fix-console-warnings.js
0	0	/workspaces/studio/scripts/fix-eslint-issues.js
0	0	/workspaces/studio/scripts/fix-mcp-config.js
0	0	/workspaces/studio/scripts/fix-optimize-package-imports.js
0	0	/workspaces/studio/scripts/fix-styling-consistency.js
0	0	/workspaces/studio/scripts/fix-subscription-tiers.ts
0	0	/workspaces/studio/scripts/fix-user-subscription.ts
0	0	/workspaces/studio/scripts/fixed-comprehensive-seeding.ts
0	0	/workspaces/studio/scripts/generate-any-baseline.ts
0	0	/workspaces/studio/scripts/generate-context-index.ts
0	0	/workspaces/studio/scripts/generate-favicons.js
0	0	/workspaces/studio/scripts/generate-mcp-config.mjs
0	0	/workspaces/studio/scripts/get-real-uids.js
0	0	/workspaces/studio/scripts/guard-diff-loc.js
0	0	/workspaces/studio/scripts/hooks/validate-changelog.mjs
0	0	/workspaces/studio/scripts/hydrate-env.mjs
0	0	/workspaces/studio/scripts/hydrate-firebase-config.mjs
0	0	/workspaces/studio/scripts/inspect-firestore-docs.js
0	0	/workspaces/studio/scripts/lint-provenance-wrappers.ts
0	0	/workspaces/studio/scripts/lint-tenant-scope.ts
0	0	/workspaces/studio/scripts/list-env-keys.mjs
0	0	/workspaces/studio/scripts/list-users.ts
0	0	/workspaces/studio/scripts/manage-unique-users.ts
0	0	/workspaces/studio/scripts/mcp-configuration-summary.js
0	0	/workspaces/studio/scripts/merge-env-backup.mjs
0	0	/workspaces/studio/scripts/metrics/eslint-metrics-api.mjs
0	0	/workspaces/studio/scripts/metrics/update-metrics-artifacts.mjs
0	0	/workspaces/studio/scripts/migrate-tier-consistency.ts
0	0	/workspaces/studio/scripts/optimize-content-analyzer.js
0	0	/workspaces/studio/scripts/pilotScripts/automation/auto-script-generator-v1.js
0	0	/workspaces/studio/scripts/populate-dummy-data.ts
0	0	/workspaces/studio/scripts/prune-brain-artifacts.ts
0	0	/workspaces/studio/scripts/quick-typescript-restart.js
0	0	/workspaces/studio/scripts/report-any-trend.ts
0	0	/workspaces/studio/scripts/report-deps.js
0	0	/workspaces/studio/scripts/resolve-agent-conflicts.mjs
0	0	/workspaces/studio/scripts/restart-typescript.js
0	0	/workspaces/studio/scripts/run-critical-extended.ts
0	0	/workspaces/studio/scripts/run-migration.mjs
0	0	/workspaces/studio/scripts/run-user-fix.ts
0	0	/workspaces/studio/scripts/scan-hex-colors.ts
0	0	/workspaces/studio/scripts/scan-unknown-array-state.js
0	0	/workspaces/studio/scripts/scan-unknown-state.js
0	0	/workspaces/studio/scripts/seed-database.ts
0	0	/workspaces/studio/scripts/seed-team-samples.js
0	0	/workspaces/studio/scripts/setup-users.ts
0	0	/workspaces/studio/scripts/simple-admin-fix.js
0	0	/workspaces/studio/scripts/snapshot-provenance-metrics.ts
0	0	/workspaces/studio/scripts/sync-env.mjs
0	0	/workspaces/studio/scripts/test-all-use-cases.ts
0	0	/workspaces/studio/scripts/test-contrast.js
0	0	/workspaces/studio/scripts/test-corrected-auth.js
0	0	/workspaces/studio/scripts/test-mcp-servers.js
0	0	/workspaces/studio/scripts/test-neuro-live.ts
0	0	/workspaces/studio/scripts/test-neuro-persist.ts
0	0	/workspaces/studio/scripts/test-package-optimization.js
0	0	/workspaces/studio/scripts/test-provenance-coverage.ts
0	0	/workspaces/studio/scripts/test-provenance-wrapper.ts
0	0	/workspaces/studio/scripts/test-rate-limit-headers.ts
0	0	/workspaces/studio/scripts/test-revenue-derive-events.ts
0	0	/workspaces/studio/scripts/test-revenue-kpi-contract.ts
0	0	/workspaces/studio/scripts/test-revenue-metrics.ts
0	0	/workspaces/studio/scripts/test-server-warming.ts
0	0	/workspaces/studio/scripts/test-stripe-idempotency.ts
0	0	/workspaces/studio/scripts/test-stripe-integration.js
0	0	/workspaces/studio/scripts/test-team-bucket-smoke.ts
0	0	/workspaces/studio/scripts/test-team-invites-negative.ts
0	0	/workspaces/studio/scripts/test-team-invites.ts
0	0	/workspaces/studio/scripts/test-team-rate-limit.ts
0	0	/workspaces/studio/scripts/update-mcp-config.js
0	0	/workspaces/studio/scripts/update-tier-system.ts
0	0	/workspaces/studio/scripts/validate-changelog.mjs
0	0	/workspaces/studio/scripts/validate-env.js
0	0	/workspaces/studio/scripts/validate-event-types.mjs
0	0	/workspaces/studio/scripts/validate-mcp-config.mjs
0	0	/workspaces/studio/scripts/validate-mcp-servers.js
0	0	/workspaces/studio/scripts/verify-admin-enterprise-fix.ts
0	0	/workspaces/studio/scripts/verify-env.ts
0	0	/workspaces/studio/sentry.client.config.ts
0	0	/workspaces/studio/src/ai/context.ts
0	0	/workspaces/studio/src/ai/dev.ts
0	0	/workspaces/studio/src/ai/flows/competitor-analysis.ts
0	0	/workspaces/studio/src/ai/flows/content-brief.ts
0	0	/workspaces/studio/src/ai/flows/content-optimization.ts
0	0	/workspaces/studio/src/ai/flows/generate-insights.ts
0	0	/workspaces/studio/src/ai/flows/keyword-suggestions.ts
0	0	/workspaces/studio/src/ai/flows/link-analysis.ts
0	0	/workspaces/studio/src/ai/flows/search.ts
0	0	/workspaces/studio/src/ai/flows/seo-audit.ts
0	0	/workspaces/studio/src/ai/flows/serp-view.ts
0	0	/workspaces/studio/src/ai/generateJson.ts
0	0	/workspaces/studio/src/ai/genkit.ts
0	0	/workspaces/studio/src/ai/utils/telemetry.ts
0	0	/workspaces/studio/src/app/(app)/admin/events/page.tsx
0	0	/workspaces/studio/src/app/(app)/admin/site-ingestion/page.tsx
0	0	/workspaces/studio/src/app/(app)/adminonly/page.tsx
0	0	/workspaces/studio/src/app/(app)/checkout/cancel/page.tsx
0	0	/workspaces/studio/src/app/(app)/checkout/checkout-page.tsx
0	0	/workspaces/studio/src/app/(app)/checkout/page.tsx
0	0	/workspaces/studio/src/app/(app)/checkout/success/page.tsx
0	0	/workspaces/studio/src/app/(app)/dashboard/page-backup.tsx
0	0	/workspaces/studio/src/app/(app)/dashboard/page-dynamic.tsx
0	0	/workspaces/studio/src/app/(app)/dashboard/page.tsx
0	0	/workspaces/studio/src/app/(app)/debug/page.tsx
0	0	/workspaces/studio/src/app/(app)/enhanced-nav-demo/page.tsx
0	0	/workspaces/studio/src/app/(app)/finance/_parts/finance-context.tsx
0	0	/workspaces/studio/src/app/(app)/finance/_parts/invoice-aging-index.ts
0	0	/workspaces/studio/src/app/(app)/finance/_parts/invoice-aging.tsx
0	0	/workspaces/studio/src/app/(app)/finance/_parts/invoice-detail-modal.tsx
0	0	/workspaces/studio/src/app/(app)/finance/_parts/mrr-trend-index.ts
0	0	/workspaces/studio/src/app/(app)/finance/_parts/mrr-trend.tsx
0	0	/workspaces/studio/src/app/(app)/finance/_parts/on-time-breakdown-modal.tsx
0	0	/workspaces/studio/src/app/(app)/finance/invoices/page.tsx
0	0	/workspaces/studio/src/app/(app)/integration-hub/page.tsx
0	0	/workspaces/studio/src/app/(app)/layout.tsx
0	0	/workspaces/studio/src/app/(app)/link-view/page.tsx
0	0	/workspaces/studio/src/app/(app)/marketing/_parts/campaign-detail-modal.tsx
0	0	/workspaces/studio/src/app/(app)/marketing/_parts/channel-breakdown-modal.tsx
0	0	/workspaces/studio/src/app/(app)/marketing/_parts/channel-performance.tsx
0	0	/workspaces/studio/src/app/(app)/marketing/_parts/impressions-leads-trend.tsx
0	0	/workspaces/studio/src/app/(app)/marketing/_parts/marketing-context.tsx
0	0	/workspaces/studio/src/app/(app)/marketplace/templates/page.tsx
0	0	/workspaces/studio/src/app/(app)/monitoring/page.tsx
0	0	/workspaces/studio/src/app/(app)/neuroseo/page.tsx
0	0	/workspaces/studio/src/app/(app)/performance/page.tsx
0	0	/workspaces/studio/src/app/(app)/sales/_parts/forecast-variance-modal.tsx
0	0	/workspaces/studio/src/app/(app)/sales/_parts/forecast-variance.js
0	0	/workspaces/studio/src/app/(app)/sales/_parts/forecast-variance.tsx
0	0	/workspaces/studio/src/app/(app)/sales/_parts/funnel-stage-conversion.js
0	0	/workspaces/studio/src/app/(app)/sales/_parts/funnel-stage-conversion.tsx
0	0	/workspaces/studio/src/app/(app)/sales/_parts/pipeline-coverage.js
0	0	/workspaces/studio/src/app/(app)/sales/_parts/pipeline-coverage.tsx
0	0	/workspaces/studio/src/app/(app)/sales/_parts/sales-context.tsx
0	0	/workspaces/studio/src/app/(app)/sales/_parts/stage-drilldown-modal.tsx
0	0	/workspaces/studio/src/app/(app)/sales/_parts/stage-velocity.js
0	0	/workspaces/studio/src/app/(app)/sales/_parts/stage-velocity.tsx
0	0	/workspaces/studio/src/app/(app)/settings/api/page.tsx
0	0	/workspaces/studio/src/app/(app)/settings/billing/page.tsx
0	0	/workspaces/studio/src/app/(app)/settings/page-new.tsx
0	0	/workspaces/studio/src/app/(app)/sitemap/page.tsx
0	0	/workspaces/studio/src/app/(auth)/layout.tsx
0	0	/workspaces/studio/src/app/(public)/about/page.tsx
0	0	/workspaces/studio/src/app/(public)/api-docs/page.tsx
0	0	/workspaces/studio/src/app/(public)/blog/ai-seo-tools/page.tsx
0	0	/workspaces/studio/src/app/(public)/blog/competitor-analysis/page.tsx
0	0	/workspaces/studio/src/app/(public)/blog/enterprise-seo-audit/page.tsx
0	0	/workspaces/studio/src/app/(public)/blog/page.tsx
0	0	/workspaces/studio/src/app/(public)/blog/seo-metrics/page.tsx
0	0	/workspaces/studio/src/app/(public)/careers/page.tsx
0	0	/workspaces/studio/src/app/(public)/case-studies/page.tsx
0	0	/workspaces/studio/src/app/(public)/cookies/page.tsx
0	0	/workspaces/studio/src/app/(public)/docs/page.tsx
0	0	/workspaces/studio/src/app/(public)/features/page.tsx
0	0	/workspaces/studio/src/app/(public)/guides/broken-links/page.tsx
0	0	/workspaces/studio/src/app/(public)/guides/learn-seo/page.tsx
0	0	/workspaces/studio/src/app/(public)/guides/page.tsx
0	0	/workspaces/studio/src/app/(public)/guides/web-scraping/page.tsx
0	0	/workspaces/studio/src/app/(public)/guides/xml-sitemap/page.tsx
0	0	/workspaces/studio/src/app/(public)/head.tsx
0	0	/workspaces/studio/src/app/(public)/help/page.tsx
0	0	/workspaces/studio/src/app/(public)/layout.tsx
0	0	/workspaces/studio/src/app/(public)/privacy/PrivacyClient.tsx
0	0	/workspaces/studio/src/app/(public)/privacy/page.tsx
0	0	/workspaces/studio/src/app/(public)/security/page.tsx
0	0	/workspaces/studio/src/app/(public)/terms/TermsClient.tsx
0	0	/workspaces/studio/src/app/(public)/terms/page.tsx
0	0	/workspaces/studio/src/app/api/admin/ai-usage/daily/route.ts
0	0	/workspaces/studio/src/app/api/admin/invites/index/route.ts
0	0	/workspaces/studio/src/app/api/admin/site/ingest/route.ts
0	0	/workspaces/studio/src/app/api/agents/enable/route.ts
0	0	/workspaces/studio/src/app/api/ai/conversational-seo/route.ts
0	0	/workspaces/studio/src/app/api/ai/multi-model/route.ts
0	0	/workspaces/studio/src/app/api/automation/run-due/route.ts
0	0	/workspaces/studio/src/app/api/automation/zapier/route.ts
0	0	/workspaces/studio/src/app/api/billing/payment-method/route.ts
0	0	/workspaces/studio/src/app/api/billing/portal/route.ts
0	0	/workspaces/studio/src/app/api/chat/customer/actions/route.ts
0	0	/workspaces/studio/src/app/api/contact/route.ts
0	0	/workspaces/studio/src/app/api/dashboard/custom/route.ts
0	0	/workspaces/studio/src/app/api/diagnostics/listeners/route.ts
0	0	/workspaces/studio/src/app/api/finance/metrics/metrics.route.test.ts
0	0	/workspaces/studio/src/app/api/finance/metrics/route.ts
0	0	/workspaces/studio/src/app/api/finance/route.ts
0	0	/workspaces/studio/src/app/api/health/alerts/route.ts
0	0	/workspaces/studio/src/app/api/health/route.ts
0	0	/workspaces/studio/src/app/api/health/simple/route.ts
0	0	/workspaces/studio/src/app/api/internal/metrics/route.ts
0	0	/workspaces/studio/src/app/api/internal/test/stripe-error/route.ts
0	0	/workspaces/studio/src/app/api/mcp/huggingface/search/route.ts
0	0	/workspaces/studio/src/app/api/mcp/neuroseo/enhanced/route.ts
0	0	/workspaces/studio/src/app/api/migrate-db/route.ts
0	0	/workspaces/studio/src/app/api/neuroseo/metrics-export/route.ts
0	0	/workspaces/studio/src/app/api/neuroseo/metrics/route.ts
0	0	/workspaces/studio/src/app/api/push-notifications/subscribe/route.ts
0	0	/workspaces/studio/src/app/api/review-users/route.ts
0	0	/workspaces/studio/src/app/api/seo-audit/firecrawl/firecrawl-quota.ts
0	0	/workspaces/studio/src/app/api/seo-audit/firecrawl/route.testshim.cjs
0	0	/workspaces/studio/src/app/api/streaming/route.ts
0	0	/workspaces/studio/src/app/api/stripe-webhook/route.ts
0	0	/workspaces/studio/src/app/api/stripe/checkout/route.ts
0	0	/workspaces/studio/src/app/api/stripe/webhook/route.ts
0	0	/workspaces/studio/src/app/api/support/reply/route.ts
0	0	/workspaces/studio/src/app/api/team/invite/route.ts
0	0	/workspaces/studio/src/app/api/team/member/[memberId]/resend/route.ts
0	0	/workspaces/studio/src/app/api/team/member/[memberId]/role/route.ts
0	0	/workspaces/studio/src/app/api/team/member/[memberId]/route.ts
0	0	/workspaces/studio/src/app/api/team/transfer-ownership/route.ts
0	0	/workspaces/studio/src/app/api/test/auth/custom-token/route.ts
0	0	/workspaces/studio/src/app/api/test/auth/token/route.ts
0	0	/workspaces/studio/src/app/api/test/finance/seed-invoice/route.ts
0	0	/workspaces/studio/src/app/api/test/metrics/crawler/route.ts
0	0	/workspaces/studio/src/app/api/test/metrics/semantic-map/route.ts
0	0	/workspaces/studio/src/app/api/test/observability/seed-alert/route.ts
0	0	/workspaces/studio/src/app/api/user/preferences/route.ts
0	0	/workspaces/studio/src/app/api/verify-captcha/route.ts
0	0	/workspaces/studio/src/app/api/webhooks/stripe/route.ts
0	0	/workspaces/studio/src/app/error.tsx
0	0	/workspaces/studio/src/app/mobile-nav-test/page.tsx
0	0	/workspaces/studio/src/app/not-found.tsx
0	0	/workspaces/studio/src/app/sitemap.xml/route.ts
0	0	/workspaces/studio/src/brain/brain.ts
0	0	/workspaces/studio/src/components/HydrationContext.tsx
0	0	/workspaces/studio/src/components/NeuroSEODashboard.tsx
0	0	/workspaces/studio/src/components/accessibility/AccessibilityAnnouncer.tsx
0	0	/workspaces/studio/src/components/admin/admin-settings.tsx
0	0	/workspaces/studio/src/components/admin/admin-support.tsx
0	0	/workspaces/studio/src/components/admin/admin-system-metrics.tsx
0	0	/workspaces/studio/src/components/app-nav.tsx
0	0	/workspaces/studio/src/components/auth-aware-homepage.tsx
0	0	/workspaces/studio/src/components/auth-mobile-nav.tsx
0	0	/workspaces/studio/src/components/breadcrumb.tsx
0	0	/workspaces/studio/src/components/charts/Sparkline.tsx
0	0	/workspaces/studio/src/components/chat/ChatBot.tsx
0	0	/workspaces/studio/src/components/chat/VirtualizedMessageList.tsx
0	0	/workspaces/studio/src/components/chat/examples.tsx
0	0	/workspaces/studio/src/components/chat/index.ts
0	0	/workspaces/studio/src/components/chat/utils.ts
0	0	/workspaces/studio/src/components/client-layout.tsx
0	0	/workspaces/studio/src/components/connection-status.tsx
0	0	/workspaces/studio/src/components/context-aware-logo.tsx
0	0	/workspaces/studio/src/components/dashboard/EnterpriseDashboard.tsx
0	0	/workspaces/studio/src/components/dashboard/VisualizationDashboardBuilder.tsx
0	0	/workspaces/studio/src/components/dashboard/animation-variants.ts
0	0	/workspaces/studio/src/components/dashboard/backlinks-chart.tsx
0	0	/workspaces/studio/src/components/dashboard/backlinks-chart/index.ts
0	0	/workspaces/studio/src/components/dashboard/domain-authority-chart.tsx
0	0	/workspaces/studio/src/components/dashboard/domain-authority-chart/index.ts
0	0	/workspaces/studio/src/components/dashboard/keyword-visibility-chart.tsx
0	0	/workspaces/studio/src/components/dashboard/keyword-visibility-chart/index.ts
0	0	/workspaces/studio/src/components/dashboard/seo-score-trend.tsx
0	0	/workspaces/studio/src/components/dashboard/seo-score-trend/index.ts
0	0	/workspaces/studio/src/components/dashboard/traffic-sources-chart.tsx
0	0	/workspaces/studio/src/components/dashboard/traffic-sources-chart/index.ts
0	0	/workspaces/studio/src/components/dashboard/usage-analytics.tsx
0	0	/workspaces/studio/src/components/debug/SubscriptionTest.tsx
0	0	/workspaces/studio/src/components/debug/UserSubscriptionDebugger.tsx
0	0	/workspaces/studio/src/components/dev/AgentsToggle.tsx
0	0	/workspaces/studio/src/components/dev/DevHydrationSanitizer.tsx
0	0	/workspaces/studio/src/components/dev/DevUserSwitcher.tsx
0	0	/workspaces/studio/src/components/dev/ListenerBadge.tsx
0	0	/workspaces/studio/src/components/enhanced-app-nav.tsx
0	0	/workspaces/studio/src/components/enhanced-nav-example.tsx
0	0	/workspaces/studio/src/components/feature-gate.tsx
0	0	/workspaces/studio/src/components/firebase-error-boundary.tsx
0	0	/workspaces/studio/src/components/forms/keyword-tool-form.tsx
0	0	/workspaces/studio/src/components/forms/seo-audit-form.tsx
0	0	/workspaces/studio/src/components/forms/seo-forms.tsx
0	0	/workspaces/studio/src/components/global-search.tsx
0	0	/workspaces/studio/src/components/i18n/LanguageSelector.tsx
0	0	/workspaces/studio/src/components/integration/Phase5IntegrationHub.tsx
0	0	/workspaces/studio/src/components/keyword-tool-form-enhanced.tsx
0	0	/workspaces/studio/src/components/keyword-tool-form.tsx
0	0	/workspaces/studio/src/components/layout/DashboardSurface.tsx
0	0	/workspaces/studio/src/components/link-analysis-form.tsx
0	0	/workspaces/studio/src/components/loading-state.tsx
0	0	/workspaces/studio/src/components/metrics/KPIGrid.tsx
0	0	/workspaces/studio/src/components/metrics/LazyDataTable.tsx
0	0	/workspaces/studio/src/components/metrics/MetricCard.tsx
0	0	/workspaces/studio/src/components/metrics/PeriodSelector.tsx
0	0	/workspaces/studio/src/components/metrics/QuotaBar.tsx
0	0	/workspaces/studio/src/components/metrics/TrendSparkline.tsx
0	0	/workspaces/studio/src/components/mobile-nav.tsx
0	0	/workspaces/studio/src/components/mobile-tool-layout.tsx
0	0	/workspaces/studio/src/components/neuroseo/NeuroSEOEnhancedComponents.tsx
0	0	/workspaces/studio/src/components/page-transition.tsx
0	0	/workspaces/studio/src/components/payment/multi-payment-checkout.tsx
0	0	/workspaces/studio/src/components/payment/payment-success.tsx
0	0	/workspaces/studio/src/components/performance-dashboard.tsx
0	0	/workspaces/studio/src/components/performance-feedback.tsx
0	0	/workspaces/studio/src/components/performance/core-web-vitals-monitor.tsx
0	0	/workspaces/studio/src/components/performance/latency-sparkline.js
0	0	/workspaces/studio/src/components/performance/latency-sparkline.tsx
0	0	/workspaces/studio/src/components/performance/web-vitals-monitor.tsx
0	0	/workspaces/studio/src/components/pricing/PricingTable.tsx
0	0	/workspaces/studio/src/components/profile-form.tsx
0	0	/workspaces/studio/src/components/profile/seo-achievements-badges.tsx
0	0	/workspaces/studio/src/components/profile/seo-activities-timeline.tsx
0	0	/workspaces/studio/src/components/public-header.tsx
0	0	/workspaces/studio/src/components/pwa/PWAInstallPrompt.tsx
0	0	/workspaces/studio/src/components/rankpilot-logo.tsx
0	0	/workspaces/studio/src/components/secure-register-form.tsx
0	0	/workspaces/studio/src/components/seo-audit-form.tsx
0	0	/workspaces/studio/src/components/serp-view-form.tsx
0	0	/workspaces/studio/src/components/serp-view-results.tsx
0	0	/workspaces/studio/src/components/settings/account-settings-form.tsx
0	0	/workspaces/studio/src/components/settings/billing-settings-card.tsx
0	0	/workspaces/studio/src/components/settings/notification-settings-form.tsx
0	0	/workspaces/studio/src/components/settings/privacy-settings-card.tsx
0	0	/workspaces/studio/src/components/settings/security-settings-form.tsx
0	0	/workspaces/studio/src/components/shared/ActionCard.tsx
0	0	/workspaces/studio/src/components/shared/SkeletonOverlay.tsx
0	0	/workspaces/studio/src/components/shared/action-card.tsx
0	0	/workspaces/studio/src/components/site-footer-enhanced-v2.tsx
0	0	/workspaces/studio/src/components/site-footer-enhanced.tsx
0	0	/workspaces/studio/src/components/site-footer.tsx
0	0	/workspaces/studio/src/components/site-header.tsx
0	0	/workspaces/studio/src/components/subscription/FeatureGate.tsx
0	0	/workspaces/studio/src/components/subscription/ToolAccessControl.tsx
0	0	/workspaces/studio/src/components/theme/ThemeConfiguration.tsx
0	0	/workspaces/studio/src/components/tiers/tier-icons.tsx
0	0	/workspaces/studio/src/components/tool-grid.tsx
0	0	/workspaces/studio/src/components/tool-page-header.tsx
0	0	/workspaces/studio/src/components/tutorials/TutorialAccess.tsx
0	0	/workspaces/studio/src/components/tutorials/TutorialBanner.tsx
0	0	/workspaces/studio/src/components/tutorials/TutorialSummary.tsx
0	0	/workspaces/studio/src/components/ui/EnhancedMetricCard.tsx
0	0	/workspaces/studio/src/components/ui/ExportButton.tsx
0	0	/workspaces/studio/src/components/ui/FallbackState.tsx
0	0	/workspaces/studio/src/components/ui/accordion.tsx
0	0	/workspaces/studio/src/components/ui/adaptive-progress.tsx
0	0	/workspaces/studio/src/components/ui/alert-dialog.tsx
0	0	/workspaces/studio/src/components/ui/alert.tsx
0	0	/workspaces/studio/src/components/ui/avatar.tsx
0	0	/workspaces/studio/src/components/ui/badge-enhanced.tsx
0	0	/workspaces/studio/src/components/ui/badge.tsx
0	0	/workspaces/studio/src/components/ui/button.tsx
0	0	/workspaces/studio/src/components/ui/calendar.tsx
0	0	/workspaces/studio/src/components/ui/card.tsx
0	0	/workspaces/studio/src/components/ui/chart-components.tsx
0	0	/workspaces/studio/src/components/ui/chart.tsx
0	0	/workspaces/studio/src/components/ui/checkbox.tsx
0	0	/workspaces/studio/src/components/ui/collapsible.tsx
0	0	/workspaces/studio/src/components/ui/confetti.tsx
0	0	/workspaces/studio/src/components/ui/dialog.tsx
0	0	/workspaces/studio/src/components/ui/dropdown-menu.tsx
0	0	/workspaces/studio/src/components/ui/dynamic-layout-example.tsx
0	0	/workspaces/studio/src/components/ui/enhanced-button.tsx
0	0	/workspaces/studio/src/components/ui/enhanced-card-stub.tsx
0	0	/workspaces/studio/src/components/ui/enhanced-card-temp.tsx
0	0	/workspaces/studio/src/components/ui/enhanced-card.tsx
0	0	/workspaces/studio/src/components/ui/enhanced-cards.tsx
0	0	/workspaces/studio/src/components/ui/enhanced-error-boundary.tsx
0	0	/workspaces/studio/src/components/ui/enhanced-form-components.tsx
0	0	/workspaces/studio/src/components/ui/enhanced-form.tsx
0	0	/workspaces/studio/src/components/ui/enhanced-metric-card.tsx
0	0	/workspaces/studio/src/components/ui/enhanced-pagination.tsx
0	0	/workspaces/studio/src/components/ui/enhanced-recaptcha.tsx
0	0	/workspaces/studio/src/components/ui/enhanced-sidebar-components.tsx
0	0	/workspaces/studio/src/components/ui/enhanced-toast.tsx
0	0	/workspaces/studio/src/components/ui/feature-gate.tsx
0	0	/workspaces/studio/src/components/ui/feedback-toast.tsx
0	0	/workspaces/studio/src/components/ui/form-card.tsx
0	0	/workspaces/studio/src/components/ui/form.tsx
0	0	/workspaces/studio/src/components/ui/global-loading.tsx
0	0	/workspaces/studio/src/components/ui/index.ts
0	0	/workspaces/studio/src/components/ui/input.tsx
0	0	/workspaces/studio/src/components/ui/label.tsx
0	0	/workspaces/studio/src/components/ui/loading-screen.tsx
0	0	/workspaces/studio/src/components/ui/loading-spinner.tsx
0	0	/workspaces/studio/src/components/ui/main-panel.tsx
0	0	/workspaces/studio/src/components/ui/menubar.tsx
0	0	/workspaces/studio/src/components/ui/micro-interactions.tsx
0	0	/workspaces/studio/src/components/ui/polymorphic-card.tsx
0	0	/workspaces/studio/src/components/ui/popover.tsx
0	0	/workspaces/studio/src/components/ui/progress.tsx
0	0	/workspaces/studio/src/components/ui/radio-group.tsx
0	0	/workspaces/studio/src/components/ui/scroll-area.tsx
0	0	/workspaces/studio/src/components/ui/select.tsx
0	0	/workspaces/studio/src/components/ui/separator.tsx
0	0	/workspaces/studio/src/components/ui/sheet.tsx
0	0	/workspaces/studio/src/components/ui/sidebar.tsx
0	0	/workspaces/studio/src/components/ui/skeleton.tsx
0	0	/workspaces/studio/src/components/ui/slider.tsx
0	0	/workspaces/studio/src/components/ui/standardized-button.tsx
0	0	/workspaces/studio/src/components/ui/switch.tsx
0	0	/workspaces/studio/src/components/ui/table.tsx
0	0	/workspaces/studio/src/components/ui/tabs.tsx
0	0	/workspaces/studio/src/components/ui/textarea.tsx
0	0	/workspaces/studio/src/components/ui/toast.tsx
0	0	/workspaces/studio/src/components/ui/toaster.tsx
0	0	/workspaces/studio/src/components/ui/tooltip.tsx
0	0	/workspaces/studio/src/components/ui/top-loader.tsx
0	0	/workspaces/studio/src/components/ui/ui-provider.tsx
0	0	/workspaces/studio/src/components/unified-mobile-sidebar.tsx
0	0	/workspaces/studio/src/constants/enhanced-nav.ts
0	0	/workspaces/studio/src/constants/nav.ts
0	0	/workspaces/studio/src/constants/webKeys.ts
0	0	/workspaces/studio/src/context/AuthContext.tsx
0	0	/workspaces/studio/src/context/SuiteAccentContext.tsx
0	0	/workspaces/studio/src/context/UIContext.tsx
0	0	/workspaces/studio/src/hooks/use-dashboard-data.ts
0	0	/workspaces/studio/src/hooks/use-mobile.tsx
0	0	/workspaces/studio/src/hooks/use-toast.ts
0	0	/workspaces/studio/src/hooks/use-web-vitals.ts
0	0	/workspaces/studio/src/hooks/useAdminRoute.ts
0	0	/workspaces/studio/src/hooks/useAuthGuard.ts
0	0	/workspaces/studio/src/hooks/useAutomationTrigger.ts
0	0	/workspaces/studio/src/hooks/useCaptcha.tsx
0	0	/workspaces/studio/src/hooks/useCompetitorAnalysisMetrics.ts
0	0	/workspaces/studio/src/hooks/useContentBriefMetrics.ts
0	0	/workspaces/studio/src/hooks/useDebounce.ts
0	0	/workspaces/studio/src/hooks/useFinanceInvoiceMetrics.ts
0	0	/workspaces/studio/src/hooks/useFormHydration.ts
0	0	/workspaces/studio/src/hooks/useFormInteraction.ts
0	0	/workspaces/studio/src/hooks/useHydrated.ts
0	0	/workspaces/studio/src/hooks/useKeyboardNavigation.ts
0	0	/workspaces/studio/src/hooks/useMarketingCampaignMetrics.ts
0	0	/workspaces/studio/src/hooks/useMockDomainMetrics.ts
0	0	/workspaces/studio/src/hooks/usePasswordToggle.ts
0	0	/workspaces/studio/src/hooks/useProtectedRoute.ts
0	0	/workspaces/studio/src/hooks/useProvenance.deprecated.tsx
0	0	/workspaces/studio/src/hooks/useProvenance.ts
0	0	/workspaces/studio/src/hooks/useProvenanceImpl.tsx
0	0	/workspaces/studio/src/hooks/useRateLimiter.ts
0	0	/workspaces/studio/src/hooks/useSafeAsyncData.ts
0	0	/workspaces/studio/src/hooks/useSalesDealsMetrics.ts
0	0	/workspaces/studio/src/hooks/useSerpKeywordMetrics.ts
0	0	/workspaces/studio/src/hooks/useSubscription.ts
0	0	/workspaces/studio/src/lib/access-control.ts
0	0	/workspaces/studio/src/lib/access/entitlements.ts
0	0	/workspaces/studio/src/lib/accessibility/accessibility-system.ts
0	0	/workspaces/studio/src/lib/accounting/accounts.ts
0	0	/workspaces/studio/src/lib/accounting/aggregation.ts
0	0	/workspaces/studio/src/lib/activity-types.ts
0	0	/workspaces/studio/src/lib/adapters/seo-audit-adapter.ts
0	0	/workspaces/studio/src/lib/admin-user-management.ts
0	0	/workspaces/studio/src/lib/agents/AgentImplementation.ts
0	0	/workspaces/studio/src/lib/agents/business-operations/BusinessOperationsOrchestrator.ts
0	0	/workspaces/studio/src/lib/agents/core/AgentFramework.ts
0	0	/workspaces/studio/src/lib/agents/customer-support/CustomerSupportOrchestrator.ts
0	0	/workspaces/studio/src/lib/agents/technical-operations/TechnicalOperationsOrchestrator.ts
0	0	/workspaces/studio/src/lib/agents/technical-operations/api-enhancement.ts
0	0	/workspaces/studio/src/lib/agents/technical-operations/build-system.ts
0	0	/workspaces/studio/src/lib/agents/technical-operations/production-deployment.ts
0	0	/workspaces/studio/src/lib/agents/technical-operations/testing-orchestrator.ts
0	0	/workspaces/studio/src/lib/agents/technical-operations/typescript-guardian.ts
0	0	/workspaces/studio/src/lib/ai-optimizer.ts
0	0	/workspaces/studio/src/lib/ai/agents/agentAdapter.ts
0	0	/workspaces/studio/src/lib/ai/aiClient.ts
0	0	/workspaces/studio/src/lib/ai/conversational-seo-engine.ts
0	0	/workspaces/studio/src/lib/ai/enhanced-neuroseo-orchestrator.ts
0	0	/workspaces/studio/src/lib/ai/marketing-automation.ts
0	0	/workspaces/studio/src/lib/ai/multi-model-orchestrator.ts
0	0	/workspaces/studio/src/lib/analytics.ts
0	0	/workspaces/studio/src/lib/api-client.ts
0	0	/workspaces/studio/src/lib/automation/ai-dev-automation.ts
0	0	/workspaces/studio/src/lib/automation/content-fetch.ts
0	0	/workspaces/studio/src/lib/automation/execute.ts
0	0	/workspaces/studio/src/lib/automation/recipes.ts
0	0	/workspaces/studio/src/lib/automation/zapier-workflow-builder.ts
0	0	/workspaces/studio/src/lib/billing/fetch-billing-data.ts
0	0	/workspaces/studio/src/lib/billing/fetch-usage-metrics.ts
0	0	/workspaces/studio/src/lib/billing/payment-method.ts
0	0	/workspaces/studio/src/lib/brain/supervisor/twoAgentOrchestration.cjs-shim.cjs
0	0	/workspaces/studio/src/lib/brain/supervisor/twoAgentOrchestration.ts
0	0	/workspaces/studio/src/lib/cache/advanced-cache-manager.ts
0	0	/workspaces/studio/src/lib/cache/simple-cache.ts
0	0	/workspaces/studio/src/lib/chat/embedding.ts
0	0	/workspaces/studio/src/lib/chat/retrievalAndClustering.ts
0	0	/workspaces/studio/src/lib/chat/rpMeta.ts
0	0	/workspaces/studio/src/lib/chat/sessionSummarizer.ts
0	0	/workspaces/studio/src/lib/crawler/firecrawl-client.ts
0	0	/workspaces/studio/src/lib/crawler/schema.ts
0	0	/workspaces/studio/src/lib/dashboard/custom-dashboard-builder.ts
0	0	/workspaces/studio/src/lib/dashboard/widget-mapping.ts
0	0	/workspaces/studio/src/lib/database/query-builder.ts
0	0	/workspaces/studio/src/lib/debugging/systematic-debugger.ts
0	0	/workspaces/studio/src/lib/demo-data.ts
0	0	/workspaces/studio/src/lib/design-system-patterns.tsx
0	0	/workspaces/studio/src/lib/design-system/colors.ts
0	0	/workspaces/studio/src/lib/design-system/sidebar-styles.ts
0	0	/workspaces/studio/src/lib/design-system/spacing.ts
0	0	/workspaces/studio/src/lib/design-system/typography.ts
0	0	/workspaces/studio/src/lib/dev-auth.ts
0	0	/workspaces/studio/src/lib/dev/module-load-guard.ts
0	0	/workspaces/studio/src/lib/dom/classListManager.ts
0	0	/workspaces/studio/src/lib/domain/dashboardAnalytics.ts
0	0	/workspaces/studio/src/lib/domain/mockMetrics.ts
0	0	/workspaces/studio/src/lib/dummy-data.ts
0	0	/workspaces/studio/src/lib/dynamic-spacing.ts
0	0	/workspaces/studio/src/lib/edge/edge-config.ts
0	0	/workspaces/studio/src/lib/email.ts
0	0	/workspaces/studio/src/lib/empty-module.js
0	0	/workspaces/studio/src/lib/error-handling.ts
0	0	/workspaces/studio/src/lib/errors/extract-error-message.ts
0	0	/workspaces/studio/src/lib/events/event-types.ts
0	0	/workspaces/studio/src/lib/events/publishEvent.ts
0	0	/workspaces/studio/src/lib/finance/derive-subscription-events.ts
0	0	/workspaces/studio/src/lib/finance/metrics.ts
0	0	/workspaces/studio/src/lib/finance/revenue-metrics.ts
0	0	/workspaces/studio/src/lib/firebase-admin.ts
0	0	/workspaces/studio/src/lib/firebase-build-safe.ts
0	0	/workspaces/studio/src/lib/firebase-error-handler.ts
0	0	/workspaces/studio/src/lib/firebase.ts
0	0	/workspaces/studio/src/lib/firebase/connection-manager.ts
0	0	/workspaces/studio/src/lib/firebase/index.ts
0	0	/workspaces/studio/src/lib/firebase/marketing-write-guard.ts
0	0	/workspaces/studio/src/lib/firebase/snapshot-map.ts
0	0	/workspaces/studio/src/lib/firebase/write-guard.ts
0	0	/workspaces/studio/src/lib/firestore/typed-snapshot.ts
0	0	/workspaces/studio/src/lib/flags/demo.ts
0	0	/workspaces/studio/src/lib/flags/finance.ts
0	0	/workspaces/studio/src/lib/global-error-handler.ts
0	0	/workspaces/studio/src/lib/guards/forbidden-derived-fields.ts
0	0	/workspaces/studio/src/lib/i18n/internationalization-system.ts
0	0	/workspaces/studio/src/lib/intelligence/firecrawl-competitive-intelligence.ts
0	0	/workspaces/studio/src/lib/logging/app-logger.ts
0	0	/workspaces/studio/src/lib/mcp/index.ts
0	0	/workspaces/studio/src/lib/metrics/ai-usage.ts
0	0	/workspaces/studio/src/lib/metrics/kpi-aggregation.ts
0	0	/workspaces/studio/src/lib/metrics/queue-metrics.ts
0	0	/workspaces/studio/src/lib/metrics/status-colors.ts
0	0	/workspaces/studio/src/lib/metrics/unified-metrics-export.ts
0	0	/workspaces/studio/src/lib/metrics/unified-metrics.ts
0	0	/workspaces/studio/src/lib/middleware/provenance.ts
0	0	/workspaces/studio/src/lib/mobile-responsive-utils.ts
0	0	/workspaces/studio/src/lib/monitoring/ai-anomaly-detector.ts
0	0	/workspaces/studio/src/lib/monitoring/enterprise-apm.ts
0	0	/workspaces/studio/src/lib/neural-crawler/aggregate.ts
0	0	/workspaces/studio/src/lib/neuroseo.js
0	0	/workspaces/studio/src/lib/neuroseo.ts
0	0	/workspaces/studio/src/lib/neuroseo/ai-visibility-engine.ts
0	0	/workspaces/studio/src/lib/neuroseo/enhanced-orchestrator.ts
0	0	/workspaces/studio/src/lib/neuroseo/functions.ts
0	0	/workspaces/studio/src/lib/neuroseo/index.ts
0	0	/workspaces/studio/src/lib/neuroseo/live-exec.ts
0	0	/workspaces/studio/src/lib/neuroseo/mcp-enhanced.ts
0	0	/workspaces/studio/src/lib/neuroseo/metrics-registry.ts
0	0	/workspaces/studio/src/lib/neuroseo/neural-crawler.ts
0	0	/workspaces/studio/src/lib/neuroseo/rate-limit.ts
0	0	/workspaces/studio/src/lib/neuroseo/rewrite-gen.ts
0	0	/workspaces/studio/src/lib/neuroseo/semantic-map.ts
0	0	/workspaces/studio/src/lib/neuroseo/trust-block.ts
0	0	/workspaces/studio/src/lib/neuroseo/types.ts
0	0	/workspaces/studio/src/lib/neuroseo/useNeuroSeoStream.ts
0	0	/workspaces/studio/src/lib/offline-queue.ts
0	0	/workspaces/studio/src/lib/optimization/global-infrastructure.ts
0	0	/workspaces/studio/src/lib/performance-monitor.ts
0	0	/workspaces/studio/src/lib/performance/performance-optimization-engine.ts
0	0	/workspaces/studio/src/lib/performance/web-vitals-fixed.ts
0	0	/workspaces/studio/src/lib/performance/web-vitals.ts
0	0	/workspaces/studio/src/lib/pwa/pwa-manager.ts
0	0	/workspaces/studio/src/lib/rate-limit/team-limit-test-util.ts
0	0	/workspaces/studio/src/lib/rate-limit/team-rate-limit.ts
0	0	/workspaces/studio/src/lib/react/handlers.ts
0	0	/workspaces/studio/src/lib/safe-analytics.ts
0	0	/workspaces/studio/src/lib/scaling/connection-pool.ts
0	0	/workspaces/studio/src/lib/scaling/enterprise-auto-scaler.ts
0	0	/workspaces/studio/src/lib/scaling/firestore-sharding-manager.ts
0	0	/workspaces/studio/src/lib/scaling/global-load-balancer.ts
0	0	/workspaces/studio/src/lib/scaling/memory-optimizer.ts
0	0	/workspaces/studio/src/lib/scaling/task-queue-config.ts
0	0	/workspaces/studio/src/lib/scheduler/next-run.ts
0	0	/workspaces/studio/src/lib/scheduler/types.ts
0	0	/workspaces/studio/src/lib/security/advanced-behavioral-analytics.ts
0	0	/workspaces/studio/src/lib/security/advanced-security-framework.ts
0	0	/workspaces/studio/src/lib/security/advanced-security.ts
0	0	/workspaces/studio/src/lib/security/automated-penetration-testing.ts
0	0	/workspaces/studio/src/lib/security/compliance-automation-engine.ts
0	0	/workspaces/studio/src/lib/security/enhanced-incident-response.ts
0	0	/workspaces/studio/src/lib/security/security-operations-center.ts
0	0	/workspaces/studio/src/lib/security/security-test-suite.ts
0	0	/workspaces/studio/src/lib/security/vulnerability-scanner.ts
0	0	/workspaces/studio/src/lib/security/zero-trust-orchestrator.ts
0	0	/workspaces/studio/src/lib/server-telemetry.ts
0	0	/workspaces/studio/src/lib/services/accounting-automation-snapshots.ts
0	0	/workspaces/studio/src/lib/services/accounting-ledger.ts
0	0	/workspaces/studio/src/lib/services/ai-service.ts
0	0	/workspaces/studio/src/lib/services/dashboard-data.service.ts
0	0	/workspaces/studio/src/lib/services/enhanced-auth.service.ts
0	0	/workspaces/studio/src/lib/services/enhanced-dashboard.service.ts
0	0	/workspaces/studio/src/lib/services/finance-automation-snapshots.ts
0	0	/workspaces/studio/src/lib/services/finance-metrics.service.ts
0	0	/workspaces/studio/src/lib/services/marketing-metrics.service.ts
0	0	/workspaces/studio/src/lib/services/sales-automation-snapshots.ts
0	0	/workspaces/studio/src/lib/services/sales-metrics.service.ts
0	0	/workspaces/studio/src/lib/services/team.service.ts
0	0	/workspaces/studio/src/lib/site-ingestion/chunker.ts
0	0	/workspaces/studio/src/lib/site-ingestion/crawler-ingest.ts
0	0	/workspaces/studio/src/lib/site-ingestion/embedding.ts
0	0	/workspaces/studio/src/lib/site-ingestion/retrieval.ts
0	0	/workspaces/studio/src/lib/site-ingestion/siteContentTypes.ts
0	0	/workspaces/studio/src/lib/streaming/real-time-data-streamer.ts
0	0	/workspaces/studio/src/lib/stripe.ts
0	0	/workspaces/studio/src/lib/stripe/subscription-management.ts
0	0	/workspaces/studio/src/lib/subscription.ts
0	0	/workspaces/studio/src/lib/synthetic/synthetic-utils.ts
0	0	/workspaces/studio/src/lib/team/team-access.ts
0	0	/workspaces/studio/src/lib/team/team-types.ts
0	0	/workspaces/studio/src/lib/telemetry.ts
0	0	/workspaces/studio/src/lib/templates/index.ts
0	0	/workspaces/studio/src/lib/themes/theme-system.ts
0	0	/workspaces/studio/src/lib/tier-navigation.ts
0	0	/workspaces/studio/src/lib/timeout.ts
0	0	/workspaces/studio/src/lib/tool-access.ts
0	0	/workspaces/studio/src/lib/tool-badge-utils.ts
0	0	/workspaces/studio/src/lib/ui/status-colors.ts
0	0	/workspaces/studio/src/lib/usage-quota.ts
0	0	/workspaces/studio/src/lib/user-setup.ts
0	0	/workspaces/studio/src/lib/user-subscription-sync.ts
0	0	/workspaces/studio/src/lib/user-tier-migration.ts
0	0	/workspaces/studio/src/lib/utils.ts
0	0	/workspaces/studio/src/lib/utils/content-functions.ts
0	0	/workspaces/studio/src/lib/utils/generate-id.ts
0	0	/workspaces/studio/src/lib/utils/rate-limit.ts
0	0	/workspaces/studio/src/lib/ux-enhancements/emotional-ux-mapping.ts
0	0	/workspaces/studio/src/lib/ux-enhancements/gamification-system.ts
0	0	/workspaces/studio/src/lib/ux-enhancements/integration-example.tsx
0	0	/workspaces/studio/src/lib/ux-enhancements/micro-interactions.ts
0	0	/workspaces/studio/src/lib/ux-enhancements/mobile-retention-optimizer.ts
0	0	/workspaces/studio/src/lib/ux-enhancements/progressive-onboarding.ts
0	0	/workspaces/studio/src/lib/visualizations/chart-export-manager.ts
0	0	/workspaces/studio/src/lib/visualizations/d3-visualization-engine.ts
0	0	/workspaces/studio/src/lib/visualizations/export-client.ts
0	0	/workspaces/studio/src/lib/visualizations/server-artifacts.ts
0	0	/workspaces/studio/src/lib/visualizations/server-exports.ts
0	0	/workspaces/studio/src/lib/visualizations/types.ts
0	0	/workspaces/studio/src/middleware.ts
0	0	/workspaces/studio/src/middleware/rate-limit.ts
0	0	/workspaces/studio/src/seo/schema.ts
0	0	/workspaces/studio/src/styles/tokens.ts
0	0	/workspaces/studio/src/types/charts.ts
0	0	/workspaces/studio/src/types/dashboard-widget-mutation.ts
0	0	/workspaces/studio/src/types/firestore-docs.ts
0	0	/workspaces/studio/src/types/index.ts
0	0	/workspaces/studio/src/types/markdown-modules.d.ts
0	0	/workspaces/studio/src/types/shared.ts
0	0	/workspaces/studio/src/types/types-temp.ts
0	0	/workspaces/studio/src/types/visualization-exports.ts
0	0	/workspaces/studio/src/utils/get-users.ts
0	0	/workspaces/studio/tailwind.config.ts
0	0	/workspaces/studio/temp-no-patch.js
0	0	/workspaces/studio/test-agents.mjs
0	0	/workspaces/studio/testing/config/unified-test-users.ts
0	0	/workspaces/studio/testing/debug/cache-redirect-test.spec.ts
0	0	/workspaces/studio/testing/load-testing/database-security-tests.spec.ts
0	0	/workspaces/studio/testing/load-testing/development-suite.spec.ts
0	0	/workspaces/studio/testing/load-testing/firebase-functions-integration.spec.ts
0	0	/workspaces/studio/testing/load-testing/frontend-integration-tests.spec.ts
0	0	/workspaces/studio/testing/load-testing/global-setup-dev.ts
0	0	/workspaces/studio/testing/load-testing/global-setup-testing.ts
0	0	/workspaces/studio/testing/load-testing/global-setup.ts
0	0	/workspaces/studio/testing/load-testing/global-teardown.ts
0	0	/workspaces/studio/testing/load-testing/neuroseo-suite-tests.spec.ts
0	0	/workspaces/studio/testing/load-testing/production-load-tests.spec.ts
0	0	/workspaces/studio/testing/load-testing/production-test-suite.spec.ts
0	0	/workspaces/studio/testing/mocha-jsdom-setup.cjs
0	0	/workspaces/studio/testing/mocha-jsdom-setup.ts
0	0	/workspaces/studio/testing/performance/api/seo-audit.firecrawl.realroute.performance.test.cjs
0	0	/workspaces/studio/testing/performance/audit/audit-stress.test.cjs
0	0	/workspaces/studio/testing/production/load.spec.ts
0	0	/workspaces/studio/testing/production/mobile.spec.ts
0	0	/workspaces/studio/testing/production/production-test-suite.ts
0	0	/workspaces/studio/testing/production/security.spec.ts
0	0	/workspaces/studio/testing/shims/next-server-stub.js
0	0	/workspaces/studio/testing/specs/ai-integration-comprehensive.spec.ts
0	0	/workspaces/studio/testing/specs/api-integration-comprehensive.spec.ts
0	0	/workspaces/studio/testing/specs/api/finance-metrics.api.spec.ts
0	0	/workspaces/studio/testing/specs/database-backend-comprehensive.spec.ts
0	0	/workspaces/studio/testing/specs/main/accessibility.spec.ts
0	0	/workspaces/studio/testing/specs/main/admin/observability-alert-history.spec.ts
0	0	/workspaces/studio/testing/specs/main/admin/observability-overlays.spec.ts
0	0	/workspaces/studio/testing/specs/main/admin/observability-smoke.spec.ts
0	0	/workspaces/studio/testing/specs/main/api-contracts.spec.ts
0	0	/workspaces/studio/testing/specs/main/api/custom-token-health.spec.ts
0	0	/workspaces/studio/testing/specs/main/api/finance-metrics.spec.ts
0	0	/workspaces/studio/testing/specs/main/api/health-crawler-adoption-alert.spec.ts
0	0	/workspaces/studio/testing/specs/main/api/health-neuroseo-adoption-prune-threshold.spec.ts
0	0	/workspaces/studio/testing/specs/main/api/health-semantic-map-adoption-alert.spec.ts
0	0	/workspaces/studio/testing/specs/main/api/health-simple.spec.ts
0	0	/workspaces/studio/testing/specs/main/auth-consolidated.spec.ts
0	0	/workspaces/studio/testing/specs/main/config/test-config.ts
0	0	/workspaces/studio/testing/specs/main/critical-systems.spec.ts
0	0	/workspaces/studio/testing/specs/main/features/billing-a11y.spec.ts
0	0	/workspaces/studio/testing/specs/main/features/billing-live.spec.ts
0	0	/workspaces/studio/testing/specs/main/features/billing-portal.spec.ts
0	0	/workspaces/studio/testing/specs/main/features/chat-happy-path.spec.ts
0	0	/workspaces/studio/testing/specs/main/features/content-analyzer-high-memory.spec.ts
0	0	/workspaces/studio/testing/specs/main/features/content-analyzer-warmed.spec.ts
0	0	/workspaces/studio/testing/specs/main/features/content-analyzer.spec.ts
0	0	/workspaces/studio/testing/specs/main/features/finance-live-metrics.spec.ts
0	0	/workspaces/studio/testing/specs/main/features/finance-mock-gating.spec.ts
0	0	/workspaces/studio/testing/specs/main/features/keyword-tool.spec.ts
0	0	/workspaces/studio/testing/specs/main/features/provenance-and-insights.spec.ts
0	0	/workspaces/studio/testing/specs/main/features/team-chat.spec.ts
0	0	/workspaces/studio/testing/specs/main/features/team-projects.spec.ts
0	0	/workspaces/studio/testing/specs/main/features/team-reports.spec.ts
0	0	/workspaces/studio/testing/specs/main/features/tutorials-demo-banner.spec.ts
0	0	/workspaces/studio/testing/specs/main/firebase-index-test.spec.ts
0	0	/workspaces/studio/testing/specs/main/fixtures/auth.fixture.ts
0	0	/workspaces/studio/testing/specs/main/global-setup-warming-cached.ts
0	0	/workspaces/studio/testing/specs/main/global-setup-warming-enhanced.ts
0	0	/workspaces/studio/testing/specs/main/global-setup-warming.ts
0	0	/workspaces/studio/testing/specs/main/global-setup.ts
0	0	/workspaces/studio/testing/specs/main/global-teardown.ts
0	0	/workspaces/studio/testing/specs/main/mobile-nav-consolidated.spec.ts
0	0	/workspaces/studio/testing/specs/main/navigation/nav-visibility.spec.ts
0	0	/workspaces/studio/testing/specs/main/pages/base-page.ts
0	0	/workspaces/studio/testing/specs/main/pages/dashboard-page.ts
0	0	/workspaces/studio/testing/specs/main/pages/link-view-page.ts
0	0	/workspaces/studio/testing/specs/main/pages/login-page.ts
0	0	/workspaces/studio/testing/specs/main/pages/serp-view-page.ts
0	0	/workspaces/studio/testing/specs/main/performance.spec.ts
0	0	/workspaces/studio/testing/specs/main/public-pages-e2e.spec.ts
0	0	/workspaces/studio/testing/specs/main/public/pricing-admin-name-leak.spec.ts
0	0	/workspaces/studio/testing/specs/main/setup/global-setup.ts
0	0	/workspaces/studio/testing/specs/main/utils/auth-helper.ts
0	0	/workspaces/studio/testing/specs/main/utils/feature-detection.ts
0	0	/workspaces/studio/testing/specs/main/utils/proxy.ts
0	0	/workspaces/studio/testing/specs/main/utils/test-config.ts
0	0	/workspaces/studio/testing/specs/main/utils/test-utils.ts
0	0	/workspaces/studio/testing/specs/main/visual-regression.spec.ts
0	0	/workspaces/studio/testing/specs/mcp-integration.spec.ts
0	0	/workspaces/studio/testing/specs/organized/accounting-aggregation.spec.ts
0	0	/workspaces/studio/testing/specs/organized/ai-integration-comprehensive.spec.ts
0	0	/workspaces/studio/testing/specs/organized/ai-mcp-servers.spec.ts
0	0	/workspaces/studio/testing/specs/organized/ai-neuroseo-suite.spec.ts
0	0	/workspaces/studio/testing/specs/organized/api-authentication.spec.ts
0	0	/workspaces/studio/testing/specs/organized/database-firestore-security.spec.ts
0	0	/workspaces/studio/testing/specs/organized/design-status-colors-compliance.spec.ts
0	0	/workspaces/studio/testing/specs/organized/enhanced-auth.ts
0	0	/workspaces/studio/testing/specs/organized/enterprise-dashboard-demo-label.spec.ts
0	0	/workspaces/studio/testing/specs/organized/feature-ab-testing.spec.ts
0	0	/workspaces/studio/testing/specs/organized/feature-accessibility-compliance.spec.ts
0	0	/workspaces/studio/testing/specs/organized/feature-admin-controls.spec.ts
0	0	/workspaces/studio/testing/specs/organized/feature-alerting-system.spec.ts
0	0	/workspaces/studio/testing/specs/organized/feature-analytics-reporting.spec.ts
0	0	/workspaces/studio/testing/specs/organized/feature-api-documentation.spec.ts
0	0	/workspaces/studio/testing/specs/organized/feature-api-versioning.spec.ts
0	0	/workspaces/studio/testing/specs/organized/feature-audit-logging.spec.ts
0	0	/workspaces/studio/testing/specs/organized/feature-audit-trails.spec.ts
0	0	/workspaces/studio/testing/specs/organized/feature-backup-restore.spec.ts
0	0	/workspaces/studio/testing/specs/organized/feature-billing-payments.spec.ts
0	0	/workspaces/studio/testing/specs/organized/feature-budget-tracking.spec.ts
0	0	/workspaces/studio/testing/specs/organized/feature-cache-management.spec.ts
0	0	/workspaces/studio/testing/specs/organized/feature-capacity-planning.spec.ts
0	0	/workspaces/studio/testing/specs/organized/feature-cloud-integration.spec.ts
0	0	/workspaces/studio/testing/specs/organized/feature-code-quality.spec.ts
0	0	/workspaces/studio/testing/specs/organized/feature-compliance-reporting.spec.ts
0	0	/workspaces/studio/testing/specs/organized/feature-configuration-management.spec.ts
0	0	/workspaces/studio/testing/specs/organized/feature-consent-management.spec.ts
0	0	/workspaces/studio/testing/specs/organized/feature-container-security.spec.ts
0	0	/workspaces/studio/testing/specs/organized/feature-content-delivery.spec.ts
0	0	/workspaces/studio/testing/specs/organized/feature-conversion-tracking.spec.ts
0	0	/workspaces/studio/testing/specs/organized/feature-cookie-compliance.spec.ts
0	0	/workspaces/studio/testing/specs/organized/feature-cost-optimization.spec.ts
0	0	/workspaces/studio/testing/specs/organized/feature-credential-rotation.spec.ts
0	0	/workspaces/studio/testing/specs/organized/feature-dashboard-gating.spec.ts
0	0	/workspaces/studio/testing/specs/organized/feature-dashboard-widgets.spec.ts
0	0	/workspaces/studio/testing/specs/organized/feature-data-anonymization.spec.ts
0	0	/workspaces/studio/testing/specs/organized/feature-data-archival.spec.ts
0	0	/workspaces/studio/testing/specs/organized/feature-data-cataloging.spec.ts
0	0	/workspaces/studio/testing/specs/organized/feature-data-cleansing.spec.ts
0	0	/workspaces/studio/testing/specs/organized/feature-data-discovery.spec.ts
0	0	/workspaces/studio/testing/specs/organized/feature-data-export.spec.ts
0	0	/workspaces/studio/testing/specs/organized/feature-data-governance.spec.ts
0	0	/workspaces/studio/testing/specs/organized/feature-data-lineage.spec.ts
0	0	/workspaces/studio/testing/specs/organized/feature-data-migration.spec.ts
0	0	/workspaces/studio/testing/specs/organized/feature-data-profiling.spec.ts
0	0	/workspaces/studio/testing/specs/organized/feature-data-purging.spec.ts
0	0	/workspaces/studio/testing/specs/organized/feature-data-quality.spec.ts
0	0	/workspaces/studio/testing/specs/organized/feature-data-retention.spec.ts
0	0	/workspaces/studio/testing/specs/organized/feature-data-sovereignty.spec.ts
0	0	/workspaces/studio/testing/specs/organized/feature-data-transformation.spec.ts
0	0	/workspaces/studio/testing/specs/organized/feature-data-validation.spec.ts
0	0	/workspaces/studio/testing/specs/organized/feature-database-optimization.spec.ts
0	0	/workspaces/studio/testing/specs/organized/feature-debugging-tools.spec.ts
0	0	/workspaces/studio/testing/specs/organized/feature-dependency-management.spec.ts
0	0	/workspaces/studio/testing/specs/organized/feature-deployment-automation.spec.ts
0	0	/workspaces/studio/testing/specs/organized/feature-developer-tools.spec.ts
0	0	/workspaces/studio/testing/specs/organized/feature-disaster-recovery.spec.ts
0	0	/workspaces/studio/testing/specs/organized/feature-documentation-search.spec.ts
0	0	/workspaces/studio/testing/specs/organized/feature-edge-computing.spec.ts
0	0	/workspaces/studio/testing/specs/organized/feature-email-notifications.spec.ts
0	0	/workspaces/studio/testing/specs/organized/feature-environment-management.spec.ts
0	0	/workspaces/studio/testing/specs/organized/feature-error-handling.spec.ts
0	0	/workspaces/studio/testing/specs/organized/feature-etl-processes.spec.ts
0	0	/workspaces/studio/testing/specs/organized/feature-feature-flags.spec.ts
0	0	/workspaces/studio/testing/specs/organized/feature-feature-toggles.spec.ts
0	0	/workspaces/studio/testing/specs/organized/feature-file-uploads.spec.ts
0	0	/workspaces/studio/testing/specs/organized/feature-gdpr-compliance.spec.ts
0	0	/workspaces/studio/testing/specs/organized/feature-global-distribution.spec.ts
0	0	/workspaces/studio/testing/specs/organized/feature-heatmap-analysis.spec.ts
0	0	/workspaces/studio/testing/specs/organized/feature-high-availability.spec.ts
0	0	/workspaces/studio/testing/specs/organized/feature-hybrid-deployment.spec.ts
0	0	/workspaces/studio/testing/specs/organized/feature-incident-response.spec.ts
0	0	/workspaces/studio/testing/specs/organized/feature-infrastructure-monitoring.spec.ts
0	0	/workspaces/studio/testing/specs/organized/feature-integration-webhooks.spec.ts
0	0	/workspaces/studio/testing/specs/organized/feature-internationalization.spec.ts
0	0	/workspaces/studio/testing/specs/organized/feature-knowledge-base.spec.ts
0	0	/workspaces/studio/testing/specs/organized/feature-license-compliance.spec.ts
0	0	/workspaces/studio/testing/specs/organized/feature-load-balancing.spec.ts
0	0	/workspaces/studio/testing/specs/organized/feature-logging-system.spec.ts
0	0	/workspaces/studio/testing/specs/organized/feature-maintenance-mode.spec.ts
0	0	/workspaces/studio/testing/specs/organized/feature-master-data-management.spec.ts
0	0	/workspaces/studio/testing/specs/organized/feature-memory-management.spec.ts
0	0	/workspaces/studio/testing/specs/organized/feature-metadata-management.spec.ts
0	0	/workspaces/studio/testing/specs/organized/feature-metrics-collection.spec.ts
0	0	/workspaces/studio/testing/specs/organized/feature-monitoring-health.spec.ts
0	0	/workspaces/studio/testing/specs/organized/feature-multi-cloud-support.spec.ts
0	0	/workspaces/studio/testing/specs/organized/feature-nav-gating-matrix.spec.ts
0	0	/workspaces/studio/testing/specs/organized/feature-network-security.spec.ts
0	0	/workspaces/studio/testing/specs/organized/feature-notification-system.spec.ts
0	0	/workspaces/studio/testing/specs/organized/feature-observability-smoothing.spec.ts
0	0	/workspaces/studio/testing/specs/organized/feature-open-source-audit.spec.ts
0	0	/workspaces/studio/testing/specs/organized/feature-penetration-testing.spec.ts
0	0	/workspaces/studio/testing/specs/organized/feature-performance-alerts.spec.ts
0	0	/workspaces/studio/testing/specs/organized/feature-performance-monitoring.spec.ts
0	0	/workspaces/studio/testing/specs/organized/feature-privacy-controls.spec.ts
0	0	/workspaces/studio/testing/specs/organized/feature-project-management.spec.ts
0	0	/workspaces/studio/testing/specs/organized/feature-rate-limiting.spec.ts
0	0	/workspaces/studio/testing/specs/organized/feature-real-time-streaming.spec.ts
0	0	/workspaces/studio/testing/specs/organized/feature-reference-data.spec.ts
0	0	/workspaces/studio/testing/specs/organized/feature-regional-compliance.spec.ts
0	0	/workspaces/studio/testing/specs/organized/feature-resource-optimization.spec.ts
0	0	/workspaces/studio/testing/specs/organized/feature-rollback-procedures.spec.ts
0	0	/workspaces/studio/testing/specs/organized/feature-scalability-testing.spec.ts
0	0	/workspaces/studio/testing/specs/organized/feature-schema-evolution.spec.ts
0	0	/workspaces/studio/testing/specs/organized/feature-search-functionality.spec.ts
0	0	/workspaces/studio/testing/specs/organized/feature-secret-management.spec.ts
0	0	/workspaces/studio/testing/specs/organized/feature-security-scanning.spec.ts
0	0	/workspaces/studio/testing/specs/organized/feature-session-management.spec.ts
0	0	/workspaces/studio/testing/specs/organized/feature-social-media-integration.spec.ts
0	0	/workspaces/studio/testing/specs/organized/feature-ssl-certificates.spec.ts
0	0	/workspaces/studio/testing/specs/organized/feature-status-page.spec.ts
0	0	/workspaces/studio/testing/specs/organized/feature-stress-testing.spec.ts
0	0	/workspaces/studio/testing/specs/organized/feature-support-tickets.spec.ts
0	0	/workspaces/studio/testing/specs/organized/feature-team-management.spec.ts
0	0	/workspaces/studio/testing/specs/organized/feature-team-rate-limit.spec.ts
0	0	/workspaces/studio/testing/specs/organized/feature-test-coverage.spec.ts
0	0	/workspaces/studio/testing/specs/organized/feature-third-party-apis.spec.ts
0	0	/workspaces/studio/testing/specs/organized/feature-tracking-prevention.spec.ts
0	0	/workspaces/studio/testing/specs/organized/feature-two-factor-auth.spec.ts
0	0	/workspaces/studio/testing/specs/organized/feature-uptime-monitoring.spec.ts
0	0	/workspaces/studio/testing/specs/organized/feature-usage-analytics.spec.ts
0	0	/workspaces/studio/testing/specs/organized/feature-user-analytics.spec.ts
0	0	/workspaces/studio/testing/specs/organized/feature-user-feedback.spec.ts
0	0	/workspaces/studio/testing/specs/organized/feature-user-profile.spec.ts
0	0	/workspaces/studio/testing/specs/organized/feature-vulnerability-scanning.spec.ts
0	0	/workspaces/studio/testing/specs/organized/finance-metrics-mode.spec.ts
0	0	/workspaces/studio/testing/specs/organized/finance-mocks-flag.spec.ts
0	0	/workspaces/studio/testing/specs/organized/finance-revenue-mocks-and-provenance.spec.ts
0	0	/workspaces/studio/testing/specs/organized/finance/revenue-analytics.spec.ts
0	0	/workspaces/studio/testing/specs/organized/firebase/firebase-single-init.spec.ts
0	0	/workspaces/studio/testing/specs/organized/health-ai-usage-contract.spec.ts
0	0	/workspaces/studio/testing/specs/organized/health-crawler-adoption-alert.spec.ts
0	0	/workspaces/studio/testing/specs/organized/health-daily-ai-kpis.spec.ts
0	0	/workspaces/studio/testing/specs/organized/health-neuroseo-adoption-prune-threshold.spec.ts
0	0	/workspaces/studio/testing/specs/organized/integration-hub-access.spec.ts
0	0	/workspaces/studio/testing/specs/organized/mobile-responsive.spec.ts
0	0	/workspaces/studio/testing/specs/organized/neural-crawler-aggregate-read.spec.ts
0	0	/workspaces/studio/testing/specs/organized/performance-core-web-vitals.spec.ts
0	0	/workspaces/studio/testing/specs/organized/security-implementation.spec.ts
0	0	/workspaces/studio/testing/specs/organized/seo-content-optimization.spec.ts
0	0	/workspaces/studio/testing/specs/organized/seo-keyword-research.spec.ts
0	0	/workspaces/studio/testing/specs/organized/seo-technical.spec.ts
0	0	/workspaces/studio/testing/specs/organized/table-parity-csv.spec.ts
0	0	/workspaces/studio/testing/specs/organized/tutorials-and-content-analyzer-banners.spec.ts
0	0	/workspaces/studio/testing/specs/organized/unified-test-users.ts
0	0	/workspaces/studio/testing/specs/organized/ux-authentication.spec.ts
0	0	/workspaces/studio/testing/specs/organized/ux-navigation.spec.ts
0	0	/workspaces/studio/testing/specs/performance-comprehensive.spec.ts
0	0	/workspaces/studio/testing/specs/role-based/comprehensive-role-tests.spec.ts
0	0	/workspaces/studio/testing/specs/seo-platform-comprehensive.spec.ts
0	0	/workspaces/studio/testing/specs/user-experience-comprehensive.spec.ts
0	0	/workspaces/studio/testing/stubs/next/server.js
0	0	/workspaces/studio/testing/types/test-context.ts
0	0	/workspaces/studio/testing/unit/access/entitlement-warn-once.test.cjs
0	0	/workspaces/studio/testing/unit/access/feature-gate-alias-usage.spec.cjs
0	0	/workspaces/studio/testing/unit/access/feature-gate-deprecated-entitlement.spec.cjs
0	0	/workspaces/studio/testing/unit/ai/agent-adapter.smoke.test.cjs
0	0	/workspaces/studio/testing/unit/ai/ai-adapter-next.latency.test.cjs
0	0	/workspaces/studio/testing/unit/ai/ai-adapter-next.test.cjs
0	0	/workspaces/studio/testing/unit/ai/ai-adapter-observability.spec.ts
0	0	/workspaces/studio/testing/unit/ai/ai-embeddings-next.test.cjs
0	0	/workspaces/studio/testing/unit/ai/multi-model-orchestrator.smoke.test.cjs
0	0	/workspaces/studio/testing/unit/ai/neuroseo-orchestrator.smoke.test.cjs
0	0	/workspaces/studio/testing/unit/api/finance-metrics.route.test.cjs
0	0	/workspaces/studio/testing/unit/api/finance-metrics.route.test.ts
0	0	/workspaces/studio/testing/unit/api/finance/finance-metrics.route.contract.test.cjs
0	0	/workspaces/studio/testing/unit/api/health/health-queue.test.cjs
0	0	/workspaces/studio/testing/unit/api/seo-audit.firecrawl.contract.test.cjs
0	0	/workspaces/studio/testing/unit/api/seo-audit.firecrawl.realroute.test.cjs
0	0	/workspaces/studio/testing/unit/api/seo-audit.firecrawl.route.test.cjs
0	0	/workspaces/studio/testing/unit/audit/audit-concurrency.test.cjs
0	0	/workspaces/studio/testing/unit/audit/audit-timings.test.cjs
0	0	/workspaces/studio/testing/unit/automation/cron.spec.cjs
0	0	/workspaces/studio/testing/unit/automation/cron.spec.ts
0	0	/workspaces/studio/testing/unit/automation/run-cron-tests.cjs
0	0	/workspaces/studio/testing/unit/automation/run-scheduler-tests.cjs
0	0	/workspaces/studio/testing/unit/automation/scheduler.emulator.spec.ts
0	0	/workspaces/studio/testing/unit/automation/scheduler.spec.ts
0	0	/workspaces/studio/testing/unit/brain/twoAgentOrchestration.batching.test.cjs
0	0	/workspaces/studio/testing/unit/brain/twoAgentOrchestration.batching.test.ts
0	0	/workspaces/studio/testing/unit/chat/customer-chat-attachments.spec.tsx
0	0	/workspaces/studio/testing/unit/chat/mocha-chat-setup.cjs
0	0	/workspaces/studio/testing/unit/chat/rp-meta.spec.ts
0	0	/workspaces/studio/testing/unit/chat/run-chat-tests.cjs
0	0	/workspaces/studio/testing/unit/chat/run-chat-unit.cjs
0	0	/workspaces/studio/testing/unit/chat/suggestions-and-enter.spec.tsx
0	0	/workspaces/studio/testing/unit/cleanup-invites.spec.ts
0	0	/workspaces/studio/testing/unit/crawler/firecrawl-client.test.cjs
0	0	/workspaces/studio/testing/unit/crawler/firecrawl-client.validation.test.cjs
0	0	/workspaces/studio/testing/unit/crawler/firecrawl-concurrency.test.cjs
0	0	/workspaces/studio/testing/unit/crawler/run-crawler-tests.cjs
0	0	/workspaces/studio/testing/unit/design-system/design-system-colors.spec.cjs
0	0	/workspaces/studio/testing/unit/design-system/design-system-colors.spec.ts
0	0	/workspaces/studio/testing/unit/finance/finance-mock-guard.test.cjs
0	0	/workspaces/studio/testing/unit/finance/normalize-invoice.test.ts
0	0	/workspaces/studio/testing/unit/finance/revenue-metrics.spec.cjs
0	0	/workspaces/studio/testing/unit/finance/revenue-metrics.spec.ts
0	0	/workspaces/studio/testing/unit/finance/run-revenue-tests.cjs
0	0	/workspaces/studio/testing/unit/helpers/next-mock-response.cjs
0	0	/workspaces/studio/testing/unit/marketing/marketing-guard.spec.ts
0	0	/workspaces/studio/testing/unit/metrics/crawler-p95.test.cjs
0	0	/workspaces/studio/testing/unit/metrics/governance-counters.test.cjs
0	0	/workspaces/studio/testing/unit/metrics/health-queue-metrics.test.ts
0	0	/workspaces/studio/testing/unit/metrics/health-queue-metrics.wrapper.test.cjs
0	0	/workspaces/studio/testing/unit/metrics/metrics-colors.spec.cjs
0	0	/workspaces/studio/testing/unit/metrics/queue-metrics.integration.test.cjs
0	0	/workspaces/studio/testing/unit/metrics/semantic-map-adoption.test.cjs
0	0	/workspaces/studio/testing/unit/metrics/semantic-map-kpi.test.cjs
0	0	/workspaces/studio/testing/unit/metrics/semantic-map-live-mapping.test.cjs
0	0	/workspaces/studio/testing/unit/metrics/semantic-map-provenance.test.cjs
0	0	/workspaces/studio/testing/unit/metrics/team-rate-limit-metrics.test.cjs
0	0	/workspaces/studio/testing/unit/neuroseo/aggregate-derivation.spec.cjs
0	0	/workspaces/studio/testing/unit/neuroseo/size-reduction.spec.cjs
0	0	/workspaces/studio/testing/unit/neutral/neutral-gray-colors.spec.cjs
0	0	/workspaces/studio/testing/unit/observability/health-fetch-mock.test.cjs
0	0	/workspaces/studio/testing/unit/observability/kpi-alerts-daily.test.cjs
0	0	/workspaces/studio/testing/unit/observability/kpi-smoothing-contract.test.cjs
0	0	/workspaces/studio/testing/unit/observability/preferred-ma7-export.test.cjs
0	0	/workspaces/studio/testing/unit/observability/preferred-ma7.test.cjs
0	0	/workspaces/studio/testing/unit/observability/smoothing-precedence.test.cjs
0	0	/workspaces/studio/testing/unit/observability/sparkline-ma7.test.cjs
0	0	/workspaces/studio/testing/unit/rate-limit/team-rate-limit.test.cjs
0	0	/workspaces/studio/testing/unit/sse/run-sse-tests.cjs
0	0	/workspaces/studio/testing/unit/sse/sse-abort.spec.ts
0	0	/workspaces/studio/testing/unit/theme/__classListManagerMock__.ts
0	0	/workspaces/studio/testing/unit/theme/run-theme-tests.cjs
0	0	/workspaces/studio/testing/unit/theme/theme-cycle-runner.ts
0	0	/workspaces/studio/testing/unit/theme/theme-cycle.spec.ts
0	0	/workspaces/studio/testing/unit/types/dashboard-cache.test.ts
0	0	/workspaces/studio/testing/unit/types/firestore-mapping.test.ts
0	0	/workspaces/studio/testing/unit/types/neuroseo-usage-stats.test.ts
0	0	/workspaces/studio/testing/unit/types/sales-snapshots.test.ts
0	0	/workspaces/studio/testing/unit/types/server-artifact-formats.test.ts
0	0	/workspaces/studio/testing/unit/visualizations/integration-export-chart.spec.ts
0	0	/workspaces/studio/testing/unit/visualizations/run-visualizations-tests.cjs
0	0	/workspaces/studio/testing/unit/visualizations/visualizations.spec.ts
0	0	/workspaces/studio/testing/utils/ai-page-detector.ts
0	0	/workspaces/studio/testing/utils/enhanced-auth-fixed.ts
0	0	/workspaces/studio/testing/utils/enhanced-auth.ts
0	0	/workspaces/studio/testing/utils/enhanced-systematic-debugging.ts
0	0	/workspaces/studio/testing/utils/graceful-test-utils.ts
0	0	/workspaces/studio/testing/utils/memory-optimization.ts
0	0	/workspaces/studio/testing/utils/test-error.ts
0	0	/workspaces/studio/testing/utils/test-orchestrator.ts
0	0	/workspaces/studio/tests/brain/auto.smoke.js
0	0	/workspaces/studio/tests/brain/classification.test.js
0	0	/workspaces/studio/tests/brain/classification.test.ts
0	0	/workspaces/studio/tests/brain/cli.smoke.js
0	0	/workspaces/studio/tests/brain/config.negative.test.js
0	0	/workspaces/studio/tests/brain/config.test.js
0	0	/workspaces/studio/tests/brain/context.sampler.test.js
0	0	/workspaces/studio/tests/brain/final.verify.js
0	0	/workspaces/studio/tests/brain/guards.test.js
0	0	/workspaces/studio/tests/brain/guards.test.ts
0	0	/workspaces/studio/tests/brain/planner.fallback.test.js
0	0	/workspaces/studio/tests/brain/planner.openai.skip.test.js
0	0	/workspaces/studio/tests/brain/queue.metrics.test.ts
0	0	/workspaces/studio/tests/brain/remediation.smoke.js
0	0	/workspaces/studio/tests/brain/reviewerEmitTasks.batching.test.cjs
0	0	/workspaces/studio/tests/brain/runBatch.guard.test.js
0	0	/workspaces/studio/tests/brain/runners.skip.test.js
0	0	/workspaces/studio/tests/brain/splitter.test.js
0	0	/workspaces/studio/tests/brain/toolRegistry.map.test.js
0	0	/workspaces/studio/tests/brain/triage.fallback.test.js
0	0	/workspaces/studio/tests/brain/triage.validation.test.js
0	0	/workspaces/studio/tests/brain/validators.smoke.js
0	0	/workspaces/studio/tests/events/publishEvent.test.ts
0	0	/workspaces/studio/types/brain.ts
0	0	/workspaces/studio/types/dashboard-charts.d.ts
0	0	/workspaces/studio/types/jsdom-ambient.d.ts
0	0	/workspaces/studio/types/seedrandom.d.ts
0	0	/workspaces/studio/types/user-profile.ts
0	0	/workspaces/studio/types/webpack-bundle-analyzer.d.ts
0	0	/workspaces/studio/typescript-guardian-trainer.mjs
0	0	/workspaces/studio/validation-enterprise-features.js